Label,Authors,Year,Journal,DOI,N_sample_PD,Age_PD_Min,Age_PD_Max,Age_PD_Mean,Age_PD_SD,UPDRS_ON_Mean,UPDRS_ON_SD,UPDRS_ON_Median,UPDRS_ON_IQR,UPDRS_OFF_Mean,UPDRS_OFF_SD,UPDRS_OFF_Median,UPDRS_OFF_IQR,HnY_Mean,HnY_SD,HnY_Median,HnY_IQR,HnY_Min,HnY_Max,Med_Status_Scan,N_HC,Age_HC_mean,Age_HC_sd,Study_Design,Primary_Focus,Focus_Specification,Data_Source,Data_Source_Institution,Paradigm_Type,Task_Description,TR_ms,TE_ms,Number_Volumes,Length_Scan_Minutes,Voxel_Size,Field_Strength,Motion_Params,Regress_WM_CSF,Regress_CompCor,Regress_ICA_AROMA,Detrending,Despiking,Scrubbing,Exclusion_Mean_FD_mm,Exclusion_Max_FD_mm,Exclusion_Max_Translation_mm,Exclusion_Max_Rotation_deg,Exclusion_Outlier_Frames_percent,Exclusion_Other,GSR,Spatial_Smoothing,Filter_Type,Low_Cutoff_Hz,High_Cutoff_Hz,Filter_Step_2_Type,Low_Cutoff_2_Hz,High_Cutoff_2_Hz,Brain_Mapping,Number_Networks,Number_Areas,Network_Areas,Parcellation_Methods,dFC_Methods,Window_Size_Seconds,Window_Shift_Second,Clustering_Methods,Number_States,Number_States_Criteria,State_Features,Graph_Measures,Data_Availability,Code_Availability,Identified_States_Description,Integration_State_Findings,Segregation_State_Findings,State_Pattern_Conclusion,Transition_Findings,Transition_Pattern_Conclusion,Proposed_Biomarker_Summary_Cleaned,Limitations
X36623929,Chu C; Liu S; He N; Zeng Z; Wang J; Zhang Z; Zeljic K; van der Stelt O; Sun B; Yan F; Liu C; Li D; Zhang C,2023,Brain: A Journal of Neurology,10.1093/brain/awad004,27,Not reported,Not reported,64.8,7.6,32.9,10.9,Not reported,Not reported,54.3,16.2,Not reported,Not reported,Not reported,Not reported,Not reported,Not reported,Not reported,Not reported,OFF state,16,60.3,7.4,Longitudinal,Intervention Response,DBS Stimulation,Private,Shanghai Ruijin Hospital,Resting-state,Not applicable,2100,40,210,7.35,3x3x3,1.5,24p,Yes,No,No,Yes,No,No,Not reported,Not reported,Not reported,Not reported,Not reported,First 10 volumes removed,Not reported,FWHM = 6,Band-pass,0.009,0.08,Not reported,Not reported,Not reported,AREAS,Not applicable,12,Caudate; Cerebellar hemisphere; Cerebellar vermis; Globus Pallidus externa (GPe); Globus Pallidus interna (GPi); Key motor areas; Motor thalamus; Paracentral lobule; Postcentral gyrus; Precentral gyrus; Putamen; Subthalamic Nucleus (STN); Supplementary Motor Area (SMA),ATLAS,Hidden Markov Model,Not applicable,Not applicable,Hidden Markov Model,8,Elbow,Dynamic FC variance; Dwell time; Fraction time; Frequency; State-transition probability,Not reported,Upon request,https://codeload.github.com/qiuqiangkong/matlabhmm/zip/refs/heads/master,Activation-based states: States 1-3 (Positive activation); State 4 (Mean activation); States 5-8 (Negative activation),Increased coverage in states with positive motor network activation is related to improved motor performance.,STN-DBS reduced abnormal segregation and low connectivity in motor network,Integration associated with better outcomes / Segregation with worse,Increased transition probabilities are related to improved motor performance scores.,More transitions associated with better outcomes,STN-DBS modulates whole-brain motor network states; providing a mechanistic explanation for its therapeutic effects on motor symptoms.,Motor-region focus; DBS-induced transitions hard to interpret; Limited temporal resolution
X38958131,Asendorf AL; Theis H; Tittgemeyer M; Timmermann L; Fink GR; Drzezga A; Eggers C; Ruppert-Junck MC; Pedrosa DJ; Hoenig MC; van Eimeren T,2024,Human Brain Mapping,10.1002/hbm.26776,63,50,78,63.6,7.9,Not reported,Not reported,Not reported,Not reported,23,Not reported,23,17,Not reported,Not reported,Not reported,Not reported,Not reported,Not reported,OFF state,16,66.3,7.4,Cross-sectional,General PD Characteristics,General PD vs HC,Public ,PPMI,Resting-state,Not applicable,2400,25,210,8.4,3.3x3.3x3.3,3,6p,Yes,No,No,Yes,No,Yes,Not reported,1.65,Not reported,Not reported,Not reported,"Excluded subjects with artifacts, phantoms, tilted planes, or cortex cuts",Not reported,FWHM = 8,Not reported,Not reported,Not reported,Not reported,Not reported,Not reported,WHOLE BRAIN,Not applicable,57,Not applicable,ICA,Sliding window,44,2.4,K-mean,3,Elbow,Dwell time; Fraction time; Number of transitions,Not reported,https://www.ppmi-info.org/,https://github.com/Asendorfa/Handling-GIFT,State 1 (Globally integrated; least frequent); State 2 (More connected); State 3 (Lesser connected/Segregated; most frequent),Spending more time in integrated/connected states is related to higher motor performance.,Not Applicable,Integration associated with better outcomes / Segregation with worse,A high number of transitions is related to better motor performance.,More transitions associated with better outcomes,A greater presence of integrated states and more frequent state transitions are linked to better motor performance.,Methodological/scanner-parameter variability
X38958131,Asendorf AL; Theis H; Tittgemeyer M; Timmermann L; Fink GR; Drzezga A; Eggers C; Ruppert-Junck MC; Pedrosa DJ; Hoenig MC; van Eimeren T,2024,Human Brain Mapping,10.1002/hbm.26776,52,50,83,66.8,8,Not reported,Not reported,Not reported,Not reported,25,Not reported,25,11.5,Not reported,Not reported,Not reported,Not reported,Not reported,Not reported,OFF state,17,65.1,7.1,Cross-sectional,General PD Characteristics,General PD vs HC,Private,University of Cologne; Max Planck Institute for Metabolism Research,Resting-state,Not applicable,776,37.4,617,7.979866667,2x2x2,3,6p,Yes,No,No,Yes,No,Yes,Not reported,1,Not reported,Not reported,Not reported,"Excluded subjects with artifacts, phantoms, tilted planes, or cortex cuts",Not reported,FWHM = 8,Not reported,Not reported,Not reported,Not reported,Not reported,Not reported,WHOLE BRAIN,Not applicable,57,Not applicable,ICA,Sliding window,44,0.776,K-mean,3,Elbow,Dwell time; Fraction time; Number of transitions,Not reported,Upon request,Not reported ,State 1 (Globally integrated; least frequent); State 2 (More connected); State 3 (Lesser connected/Segregated; most frequent),Spending more time in integrated/connected states is related to higher motor performance.,Not Applicable,Integration associated with better outcomes / Segregation with worse,A high number of transitions is related to better motor performance.,More transitions associated with better outcomes,A greater presence of integrated states and more frequent state transitions are linked to better motor performance.,Methodological/scanner-parameter variability
X37363818,Dirkx MF; Shine JM; Helmich RC,2023,Movement Disorders,10.1002/mds.29506,40,Not reported,Not reported,63.3,3.2,Not reported,Not reported,Not reported,Not reported,44.7,17.4,Not reported,Not reported,Not reported,Not reported,2,Not reported,1,3,OFF state,Not reported ,Not reported,Not reported,Cross-sectional,Motor Subtype,Tremor-dominant,Private,Donders Institute for Brain Cognition and Behaviour; Radboud University,Resting-state,Not applicable,859,34,700,10.02166667,2.2x2.2x2.2,3,Not reported,Yes,Yes,No,No,No,No,Not reported,2.2,Not reported,Not reported,Not reported,Not reported,Not reported,FWHM = 5 and FWHM = 4,Band-pass,0.002,0.125,Not reported,Not reported,Not reported,WHOLE BRAIN,Not applicable,375,Not applicable,Gordon cortical; Harvard-Oxford subcortical; SUIT cerebellar,Multiplication of temporal derivative metric,21,Not applicable,Multiplication of temporal derivative metric,3,Elbow,Not applicable,Between-module connections; Modularity,https://data.donders.ru.nl/?1,Not reported ,Event-based states: Rest; Pre-tremor; Tremor,Higher integration is related to higher tremor amplitude.,Not Applicable,Integration associated with worse outcomes / Segregation with better,"Cerebral integration increases before, followed by cofluctuating arousal and tremor amplitude",Not Applicable,Integrative brain states are related to tremor severity; therapies could aim to reduce excessive integration.,Limited temporal resolution; Head-motion artifacts
X39243826,Shen B; Yao Q; Li W; Dong S; Zhang H; Zhao Y; Pan Y; Jiang X; Li D; Chen Y; Yan J; Zhang W; Zhu Q; Zhang D; Zhang L; Wu Y,2024,Neurobiology of Disease,10.1016/j.nbd.2024.106659,21,Not reported,Not reported,59.43,4.71,16.67,9.16,Not reported,Not reported,29.48,16.62,Not reported,Not reported,2.76,0.98,Not reported,Not reported,Not reported,Not reported,ON state,29,59.45,4.76,Cross-sectional,Motor Subtype,Tremor-dominant,Private,Nanjing Medical University,Resting-state,Not applicable,2000,30,240,8,3x3x3,3,24p,Yes,No,No,Yes,Yes,No,Not reported,Not reported,3,3,Not reported,Not reported,Not reported,FWHM = 8,Band-pass,0.01,0.08,Low-pass,0.01,0.15,NETWORKS,3,15,Basal Ganglia (BG); Cerebellum (CB); Sensorimotor Network (SMN),ICA,Sliding window,44,2,K-mean,4,Elbow,Dwell time; Fraction time; Number of transitions,Not reported,Upon request,Not reported ,State 4 (Integrated; least frequent); State 2 (Segregated; most frequent); States 1 and 3 (Intermediate),TDPD patients spent less mean dwell time in highly interconnected state 4.,PD is associated with spending more time in a segregated state.,Integration associated with better outcomes / Segregation with worse,A higher number of transitions is related to better motor performance.,More transitions associated with better outcomes,Persisting in sparse-connectivity (segregated) states is related to greater tremor severity. Hyperconnectivity between the Cerebellar (CB) and Sensorimotor (SMN) networks may be compensatory.,ON state only; Small sample
X36229900,Si Q; Gan C; Zhang H; Cao X; Sun H; Wang M; Wang L; Yuan Y; Zhang K,2023,CNS Neuroscience and Therapeutics,10.1111/cns.13994,41,Not reported,Not reported,61.83,9.29,21.27,9.27,Not reported,Not reported,37.07,14.5,Not reported,Not reported,2.52,0.51,Not reported,Not reported,Not reported,Not reported,OFF and ON state,Not reported ,Not reported,Not reported,Longitudinal,Intervention Response,Levodopa-induced Dyskinesia,Private,Nanjing Medical University,Resting-state,Not applicable,2000,21,240,8,4x4x4,3,6p,No,No,No,Yes,Yes,No,0.5,Not reported,3,3,Not reported,Not reported,Not reported,FWHM = 6,Band-pass,Not reported,0.1,Not reported,Not reported,Not reported,NETWORKS,7,22,Auditory Network (AUD); Basal Ganglia (BG); Central Executive Network (CEN); Cerebellum (CB); Default Mode Network (DMN); Sensorimotor Network (SMN); Visual Network (VIS),ICA,Sliding window,60,2,K-mean,5,Elbow,Dwell time; Fraction time; Number of transitions,Not reported,Upon request,Not reported ,State 1 (Integrated; least frequent); State 5 (Segregated; most frequent); States 2-4 (Intermediate with specific network features),More time spent in an integrated state is related to lower motor performance (appearance of LID) and severer dyskinesia.,Not Applicable,Integration associated with worse outcomes / Segregation with better,Not Applicable,Not Applicable,Dyskinesia in PD may be explained by weak inhibition of motor loops by the Cognitive Control Network (CEN) combined with over-excitation in VIS and SMN.,ON state only
X36229900,Si Q; Gan C; Zhang H; Cao X; Sun H; Wang M; Wang L; Yuan Y; Zhang K,2023,CNS Neuroscience and Therapeutics,10.1111/cns.13994,34,Not reported,Not reported,60.53,7.99,17.41,12.84,Not reported,Not reported,31.15,15.86,Not reported,Not reported,2.34,0.56,Not reported,Not reported,Not reported,Not reported,OFF and ON state,Not reported ,Not reported,Not reported,Longitudinal,Intervention Response,Levodopa-induced Dyskinesia,Private,Nanjing Medical University,Resting-state,Not applicable,2000,21,240,8,4x4x4,3,6p,No,No,No,Yes,Yes,No,0.5,Not reported,3,3,Not reported,Not reported,Not reported,FWHM = 6,Band-pass,Not reported,0.1,Not reported,Not reported,Not reported,NETWORKS,7,22,Auditory Network (AUD); Basal Ganglia (BG); Central Executive Network (CEN); Cerebellum (CB); Default Mode Network (DMN); Sensorimotor Network (SMN); Visual Network (VIS),ICA,Sliding window,60,2,K-mean,5,Elbow,Dwell time; Fraction time; Number of transitions,Not reported,Upon request,Not reported ,State 1 (Integrated; least frequent); State 5 (Segregated; most frequent); States 2-4 (Intermediate with specific network features),More time spent in an integrated state is related to lower motor performance (appearance of LID) and severer dyskinesia.,Not Applicable,Integration associated with worse outcomes / Segregation with better,Not Applicable,Not Applicable,Dyskinesia in PD may be explained by weak inhibition of motor loops by the Cognitive Control Network (CEN) combined with over-excitation in VIS and SMN.,ON state only
X35237143,Xu J; Yu M; Wang H; Li Y; Li L; Ren J; Pan C; Liu W,2021,Frontiers in Aging Neuroscience,10.3389/fnagi.2021.789785,21,Not reported,Not reported,59.33,5.73,Not reported,Not reported,Not reported,Not reported,28.57,8.97,Not reported,Not reported,Not reported,Not reported,2,1.5-2,Not reported,Not reported,OFF state,43,59.44,5.86,Cross-sectional,Clinical Phenotype,Depression,Private,Nanjing Medical University,Resting-state,Not applicable,2000,30,240,8,3x3x3,3,12p,No,No,No,Yes,Yes,No,0.5,Not reported,3,3,Not reported,poor MRI image quality,Not reported,FWHM = 6,Low-pass,Not reported,0.15,Not reported,Not reported,Not reported,NETWORKS,6,37,Auditory Network (AUD); Basal Ganglia (BG); Central Executive Network (CEN); Default Mode Network (DMN); Sensorimotor Network (SMN); Visual Network (VIS),ICA,Sliding window,44,2,K-mean,4,Elbow,Dwell time; Fraction time; Number of transitions,Betweenness centrality; Clustering coefficient; Global efficiency; Local efficiency; Small-worldness,Upon request,Not reported ,State 3 (Integrated; least frequent); State 1 (Segregated; most frequent); State 2 (DMN-dominated); State 4 (VIS-SMN connected),Spending more time in a DMN-related state is associated with dementia.,Not Applicable,Neutral/Descriptive Finding,Not Applicable,Not Applicable,Depression in PD may be linked to time-varying disruptions between the DMN and CEN; as well as abnormal dynamic graph metrics.,Small sample; Short scan; Disease duration uncontrolled
X35237143,Xu J; Yu M; Wang H; Li Y; Li L; Ren J; Pan C; Liu W,2021,Frontiers in Aging Neuroscience,10.3389/fnagi.2021.789785,34,Not reported,Not reported,59.79,8.4,Not reported,Not reported,Not reported,Not reported,24.56,8.28,Not reported,Not reported,Not reported,Not reported,1.5,1.5-2,Not reported,Not reported,OFF state,43,59.44,5.86,Cross-sectional,Clinical Phenotype,Depression,Private,Nanjing Medical University,Resting-state,Not applicable,2000,30,240,8,3x3x3,3,12p,No,No,No,Yes,Yes,No,0.5,Not reported,3,3,Not reported,poor MRI image quality,Not reported,FWHM = 6,Low-pass,Not reported,0.15,Not reported,Not reported,Not reported,NETWORKS,6,37,Auditory Network (AUD); Basal Ganglia (BG); Central Executive Network (CEN); Default Mode Network (DMN); Sensorimotor Network (SMN); Visual Network (VIS),ICA,Sliding window,44,2,K-mean,4,Elbow,Dwell time; Fraction time; Number of transitions,Betweenness centrality; Clustering coefficient; Global efficiency; Local efficiency; Small-worldness,Upon request,Not reported ,State 3 (Integrated; least frequent); State 1 (Segregated; most frequent); State 2 (DMN-dominated); State 4 (VIS-SMN connected),Spending more time in a DMN-related state is associated with dementia.,Not Applicable,Neutral/Descriptive Finding,Not Applicable,Not Applicable,Depression in PD may be linked to time-varying disruptions between the DMN and CEN; as well as abnormal dynamic graph metrics.,Small sample; Short scan; Disease duration uncontrolled
X.WOS.000451095400001,Engels; Gwenda; Vlaar; Annemarie; McCoy; Bronagh; Scherder; Erik; Douw; Linda,2018,Frontiers in Aging Neuroscience,10.3389/fnagi.2018.00388,24,Not reported,Not reported,63.42,7.93,Not reported,Not reported,Not reported,Not reported,21.08,8.31,Not reported,Not reported,Not reported,Not reported,Not reported,Not reported,Not reported,Not reported,OFF state,27,59.37,8.54,Cross-sectional,General PD Characteristics,General PD vs HC,Private,VU University Medical Center; OLVG Hospital; Zaans Medical Center,Resting-state,Not applicable,2150,35,202,7.238333333,3.75x3.75x3.75,3,12p,No,No,No,No,No,Yes,Not reported,1.5,Not reported,Not reported,Not reported,Compliance reported; Time-point censoring,Not reported,FWHM = 5,High-pass,0.01,Not reported,Not reported,Not reported,Not reported,NETWORKS,2,264,Default Mode Network (DMN); Fronto-parietal Network (FPN),Power,Sliding window,60.2,10.75,Not applicable,No states,Not applicable,Dwell time; Fraction time; Number of transitions,Not reported,Upon request,Not reported ,Not applicable (Method does not define states),DMN dynamics are related to better memory; a finding also observed in PD patients without Mild Cognitive Impairment.,Not Applicable,Neutral/Descriptive Finding,Not Applicable,Not Applicable,Dynamic connectivity of the Default Mode Network (DMN) is specifically linked to cognitive function in PD.,Small sample; Disease duration uncontrolled; State mismatch (scan OFF vs test ON); Head-motion artifacts
X33852889,Gan C; Ma K; Wang L; Si Q; Wang M; Yuan Y; Zhang K,2021,Brain Research,10.1016/j.brainres.2021.147477,45,Not reported,Not reported,64.4,8.5,Not reported,Not reported,Not reported,Not reported,26,19,Not reported,Not reported,Not reported,Not reported,2,0.75,Not reported,Not reported,OFF state,37,61.9,5.6,Cross-sectional,Clinical Phenotype,REM Sleep Behavior Disorder,Private,Nanjing Medical University,Resting-state,Not applicable,2000,21,240,8,3x3x3,3,Not reported,No,No,No,Yes,Yes,No,Not reported,Not reported,Not reported,Not reported,Not reported,Compliance reported: <2mm translation; <2 deg rotation,Not reported,FWHM = 6,Low-pass,Not reported,0.1,Not reported,Not reported,Not reported,NETWORKS,8,24,Auditory Network (AUD); Basal Ganglia (BG); Central Executive Network (CEN); Cerebellum (CB); Default Mode Network (DMN); Salience Network (SAL); Sensorimotor Network (SMN); Visual Network (VIS),ICA,Sliding window,40,2,K-mean,4,Elbow,Dwell time; Fraction time; Number of transitions,Not reported,Will be made available,Not reported ,State 3 (Integrated); State 4 (Segregated; most frequent); States 1 and 2 (Intermediate; network-specific),PD patients spend less time in an integrated state compared to HCs.,PD with REM sleep behavior disorder (RBD) spend more time in a segregated state than those without RBD.,Integration associated with better outcomes / Segregation with worse,Not Applicable,Not Applicable,Weaker connectivity between VIS-DMN; DMN-BG; and within the DMN in the most segregated state may be a neural substrate for REM Sleep Behavior Disorder (RBD) in PD.,Head-motion artifacts; Many temporal derivatives applied
X33852889,Gan C; Ma K; Wang L; Si Q; Wang M; Yuan Y; Zhang K,2021,Brain Research,10.1016/j.brainres.2021.147477,81,Not reported,Not reported,60.9,9,Not reported,Not reported,Not reported,Not reported,27,20.5,Not reported,Not reported,Not reported,Not reported,2,1,Not reported,Not reported,OFF state,37,61.9,5.6,Cross-sectional,Clinical Phenotype,REM Sleep Behavior Disorder,Private,Nanjing Medical University,Resting-state,Not applicable,2000,21,240,8,3x3x3,3,Not reported,No,No,No,Yes,Yes,No,Not reported,Not reported,Not reported,Not reported,Not reported,Compliance reported: <2mm translation; <2 deg rotation,Not reported,FWHM = 6,Low-pass,Not reported,0.1,Not reported,Not reported,Not reported,NETWORKS,8,24,Auditory Network (AUD); Basal Ganglia (BG); Central Executive Network (CEN); Cerebellum (CB); Default Mode Network (DMN); Salience Network (SAL); Sensorimotor Network (SMN); Visual Network (VIS),ICA,Sliding window,40,2,K-mean,4,Elbow,Dwell time; Fraction time; Number of transitions,Not reported,Will be made available,Not reported ,State 3 (Integrated); State 4 (Segregated; most frequent); States 1 and 2 (Intermediate; network-specific),PD patients spend less time in an integrated state compared to HCs.,PD with REM sleep behavior disorder (RBD) spend more time in a segregated state than those without RBD.,Integration associated with better outcomes / Segregation with worse,Not Applicable,Not Applicable,Weaker connectivity between VIS-DMN; DMN-BG; and within the DMN in the most segregated state may be a neural substrate for REM Sleep Behavior Disorder (RBD) in PD.,Head-motion artifacts; Many temporal derivatives applied
X.WOS.001128783900001,Tan; Zhiyi; Zeng; Qiaoling; Hu; Xuehan; Di; Duoduo; Chen; Lele; Lin; Zhijian; Cheng; Guanxun,2023,Frontiers in Aging Neuroscience,10.3389/fnagi.2023.1282962,16,Not reported,Not reported,70.75,Not reported,Not reported,Not reported,Not reported,Not reported,Not reported,Not reported,24.5,16.25-32.50,Not reported,Not reported,2,1.0-2.0,Not reported,Not reported,OFF state,Not reported ,Not reported,Not reported,Cross-sectional,Clinical Phenotype,Excessive Daytime Sleepiness,Public ,PPMI,Resting-state,Not applicable,2500,30,240,10,3.5x3.5x3.5,3,Not reported,No,No,No,Yes,Yes,No,0.5,Not reported,3,3,Not reported,Not reported,Not reported,FWHM = 6,Low-pass,Not reported,0.15,Not reported,Not reported,Not reported,NETWORKS,7,27,Auditory Network (AUD); Basal Ganglia (BG); Central Executive Network (CEN); Cerebellum (CB); Default Mode Network (DMN); Sensorimotor Network (SMN); Visual Network (VIS),ICA,Sliding window,45,2.5,K-mean,4,Elbow,Dwell time; Fraction time; Number of transitions,Not reported,https://www.ppmi-info.org/,Not reported ,State 4 (Integrated; least frequent); State 2 (Segregated; most frequent); States 1 and 3 (Intermediate; network-specific),Patients with Excessive Daytime Sleepiness (EDS) spend more time in an integrated state; which is interpreted as not helpful.,Not Applicable,Integration associated with worse outcomes / Segregation with better,Not Applicable,Not Applicable,Strong connectivity within and between the Sensorimotor (SMN) and Visual (VIS) networks may be a pathophysiological marker for Excessive Daytime Sleepiness (EDS) in PD.,Head-motion artifacts; Small sample
X.WOS.001128783900001,Tan; Zhiyi; Zeng; Qiaoling; Hu; Xuehan; Di; Duoduo; Chen; Lele; Lin; Zhijian; Cheng; Guanxun,2023,Frontiers in Aging Neuroscience,10.3389/fnagi.2023.1282962,41,Not reported,Not reported,62,Not reported,Not reported,Not reported,Not reported,Not reported,Not reported,Not reported,19,14.00-32.00,Not reported,Not reported,2,1.0-2.0,Not reported,Not reported,OFF state,Not reported ,Not reported,Not reported,Cross-sectional,Clinical Phenotype,Excessive Daytime Sleepiness,Public ,PPMI,Resting-state,Not applicable,2500,30,240,10,3.5x3.5x3.5,3,Not reported,No,No,No,Yes,Yes,No,0.5,Not reported,3,3,Not reported,Not reported,Not reported,FWHM = 6,Low-pass,Not reported,0.15,Not reported,Not reported,Not reported,NETWORKS,7,27,Auditory Network (AUD); Basal Ganglia (BG); Central Executive Network (CEN); Cerebellum (CB); Default Mode Network (DMN); Sensorimotor Network (SMN); Visual Network (VIS),ICA,Sliding window,45,2.5,K-mean,4,Elbow,Dwell time; Fraction time; Number of transitions,Not reported,https://www.ppmi-info.org/,Not reported ,State 4 (Integrated; least frequent); State 2 (Segregated; most frequent); States 1 and 3 (Intermediate; network-specific),Patients with Excessive Daytime Sleepiness (EDS) spend more time in an integrated state; which is interpreted as not helpful.,Not Applicable,Integration associated with worse outcomes / Segregation with better,Not Applicable,Not Applicable,Strong connectivity within and between the Sensorimotor (SMN) and Visual (VIS) networks may be a pathophysiological marker for Excessive Daytime Sleepiness (EDS) in PD.,Head-motion artifacts; Small sample
X37008221,Cao Y; Si Q; Tong R; Zhang X; Li C; Mao S,2023,Frontiers in Neuroscience,10.3389/fnins.2023.1116111,20,Not reported,Not reported,64.35,7.96,15.9,9.83,Not reported,Not reported,Not reported,Not reported,Not reported,Not reported,1.37,0.48,Not reported,Not reported,Not reported,Not reported,OFF state,19,62.84,10.5,Longitudinal,Disease Progression,3-year follow-up,Public ,PPMI,Resting-state,Not applicable,2400,25,210,8.4,3.3x3.3x3.3,3,Not reported,No,No,No,No,Yes,No,Not reported,Not reported,Not reported,Not reported,Not reported,Not reported,Not reported,FWHM = 6,Low-pass,Not reported,0.15,Not reported,Not reported,Not reported,NETWORKS,7,29,Attention Network (ATT); Auditory Network (AUD); Basal Ganglia (BG); Default Mode Network (DMN); Fronto-parietal Network (FPN); Sensorimotor Network (SMN); Visual Network (VIS),ICA,Sliding window,52.8,2.4,K-mean,4,Elbow,Dwell time; Fraction time; Number of transitions,Not reported,https://www.ppmi-info.org/,Not reported ,State 4 (Integrated; least frequent); State 3 (Segregated; most frequent); States 1 and 2 (Intermediate; network-specific),Not Applicable,Higher time spent in segregated states is related to worse motor and non-motor symptoms.,Neutral/Descriptive Finding,Not Applicable,Not Applicable,As PD progresses; patients spend more time in hypo-coupled (segregated) states; which parallels the worsening of non-motor symptoms.,Small sample; Short follow-up; No drug-naďve PD group
X37008221,Cao Y; Si Q; Tong R; Zhang X; Li C; Mao S,2023,Frontiers in Neuroscience,10.3389/fnins.2023.1116111,20,Not reported,Not reported,67.35,8,18.1,9.22,Not reported,Not reported,Not reported,Not reported,Not reported,Not reported,1.7,0.47,Not reported,Not reported,Not reported,Not reported,OFF state,19,62.84,10.5,Longitudinal,Disease Progression,3-year follow-up,Public ,PPMI,Resting-state,Not applicable,2400,25,210,8.4,3.3x3.3x3.3,3,Not reported,No,No,No,No,Yes,No,Not reported,Not reported,Not reported,Not reported,Not reported,Not reported,Not reported,FWHM = 6,Low-pass,Not reported,0.15,Not reported,Not reported,Not reported,NETWORKS,7,29,Attention Network (ATT); Auditory Network (AUD); Basal Ganglia (BG); Default Mode Network (DMN); Fronto-parietal Network (FPN); Sensorimotor Network (SMN); Visual Network (VIS),ICA,Sliding window,52.8,2.4,K-mean,4,Elbow,Dwell time; Fraction time; Number of transitions,Not reported,https://www.ppmi-info.org/,Not reported ,State 4 (Integrated; least frequent); State 3 (Segregated; most frequent); States 1 and 2 (Intermediate; network-specific),Not Applicable,Higher time spent in segregated states is related to worse motor and non-motor symptoms.,Neutral/Descriptive Finding,Not Applicable,Not Applicable,As PD progresses; patients spend more time in hypo-coupled (segregated) states; which parallels the worsening of non-motor symptoms.,Small sample; Short follow-up; No drug-naďve PD group
X39996352,Su D; Ji L; Cui Y; Gan L; Ma H; Liu Z; Duan Y; Stoessl AJ; Zhou J; Wu T; Liu Y; Feng T,2025,Movement Disorders,10.1002/mds.30146,25,Not reported,Not reported,64.48,13.1,Not reported,Not reported,Not reported,Not reported,45.74,15.07,Not reported,Not reported,Not reported,Not reported,Not reported,Not reported,Not reported,Not reported,OFF state,29,Not reported,Not reported,Cross-sectional,Clinical Phenotype,Freezing of Gait,Private,Beijing Tiantan Hospital; Capital Medical University,Resting-state,Not applicable,750,30,495,6.1875,3x3x3x,3,Not reported,No,No,No,No,No,No,Not reported,Not reported,Not reported,Not reported,Not reported,Qualitative review,Not reported,FWHM = 6,Not reported,Not reported,Not reported,Not reported,Not reported,Not reported,NETWORKS,10,19,Auditory Network (AUD); Basal Ganglia (BG); Central Executive Network (CEN); Default Mode Network (DMN); Dorsal Attention Network (DAN); Fronto-parietal Network (FPN); Salience Network (SAL); Sensorimotor Network (SMN); Visual Network (VIS),ICA,Sliding window,30,0.75,K-mean,2; 4,Not reported ,Dwell time; Fraction time; Number of transitions,Global efficiency; Local efficiency,Not reported ,Not reported ,State 4 (Integrated; least frequent); State 1 (Segregated; most frequent); States 2 and 3 (Intermediate with DMN/FPN vs VIS/DAN focus),More severe FOG and worse cognitive performance are related to positive correlation between VIS and higher-order networks (DMN; FPN).,"State I described as “most frequent and relatively sparsely connected,” indicating a more weakly connected (sparser) configuration recurrent in the data.",Neutral/Descriptive Finding,A higher number of transitions is related to an absence of FOG and better motor performance.,More transitions associated with better outcomes,The dynamics of visuomotor networks can track the presence and severity of Freezing of Gait (FOG) in PD.,Short scan; PD–HC age mismatch
X39996352,Su D; Ji L; Cui Y; Gan L; Ma H; Liu Z; Duan Y; Stoessl AJ; Zhou J; Wu T; Liu Y; Feng T,2025,Movement Disorders,10.1002/mds.30146,53,Not reported,Not reported,62.36,8.29,Not reported,Not reported,Not reported,Not reported,39.48,14.1,Not reported,Not reported,Not reported,Not reported,Not reported,Not reported,Not reported,Not reported,OFF state,29,Not reported,Not reported,Cross-sectional,Clinical Phenotype,Freezing of Gait,Private,Beijing Tiantan Hospital; Capital Medical University,Resting-state,Not applicable,750,30,495,6.1875,3x3x3x,3,Not reported,No,No,No,No,No,No,Not reported,Not reported,Not reported,Not reported,Not reported,Qualitative review,Not reported,FWHM = 6,Not reported,Not reported,Not reported,Not reported,Not reported,Not reported,NETWORKS,10,19,Auditory Network (AUD); Basal Ganglia (BG); Central Executive Network (CEN); Default Mode Network (DMN); Dorsal Attention Network (DAN); Fronto-parietal Network (FPN); Salience Network (SAL); Sensorimotor Network (SMN); Visual Network (VIS),ICA,Sliding window,30,0.75,K-mean,2; 4,Not reported ,Dwell time; Fraction time; Number of transitions,Global efficiency; Local efficiency,Not reported ,Not reported ,State 4 (Integrated; least frequent); State 1 (Segregated; most frequent); States 2 and 3 (Intermediate with DMN/FPN vs VIS/DAN focus),More severe FOG and worse cognitive performance are related to positive correlation between VIS and higher-order networks (DMN; FPN).,"State I described as “most frequent and relatively sparsely connected,” indicating a more weakly connected (sparser) configuration recurrent in the data.",Neutral/Descriptive Finding,A higher number of transitions is related to an absence of FOG and better motor performance.,More transitions associated with better outcomes,The dynamics of visuomotor networks can track the presence and severity of Freezing of Gait (FOG) in PD.,Short scan; PD–HC age mismatch
X34557085,Zhu J; Zeng Q; Shi Q; Li J; Dong S; Lai C; Cheng G,2021,Frontiers in Aging Neuroscience,10.3389/fnagi.2021.710735,29,Not reported,Not reported,63.96,7.73,25.48,8.77,Not reported,Not reported,Not reported,Not reported,Not reported,Not reported,Not reported,Not reported,2,2.0-2.0,Not reported,Not reported,OFF state,20,64.4,8.07,Cross-sectional,Motor Subtype,Non-tremor-dominant,Public ,PPMI,Resting-state,Not applicable,2400,25,210,8.4,3.3x3.3x3.3,3,6p,No,No,No,Yes,Yes,No,Not reported,Not reported,3,3,Not reported,Qualitative review,Not reported,FWHM = 4,Low-pass,Not reported,0.15,Not reported,Not reported,Not reported,NETWORKS,6,16,Basal Ganglia (BG); Default Mode Network (DMN); Fronto-parietal Network (FPN); Ventral Sensorimotor Network (SMN-v); Dorsal Sensorimotor Network (SMN-d),ICA,Sliding window,48,2.4,K-mean,4,Elbow,Dwell time; Fraction time; Number of transitions,Global efficiency; Local efficiency,https://www.ppmi-info.org/,Not reported ,State 4 (Integrated; least frequent); State 1 (Segregated; most frequent); States 2 and 3 (Intermediate with specific network features),Integrated states are associated with better motor performance.,Tremor-dominant patients spend more time in a segregated state; which is related to poorer motor performance. The study also found higher global efficiency in PD.,Mixed/Contradictory Findings,Not Applicable,Not Applicable,Tremor severity is linked to longer dwell time in the segregated state and higher connectivity between the Basal Ganglia (BG) and ventral Sensorimotor (vSMN) networks.,Small sample; OFF state only; Poor head-motion control
X34557085,Zhu J; Zeng Q; Shi Q; Li J; Dong S; Lai C; Cheng G,2021,Frontiers in Aging Neuroscience,10.3389/fnagi.2021.710735,25,Not reported,Not reported,59.36,9.87,18.84,10.42,Not reported,Not reported,Not reported,Not reported,Not reported,Not reported,Not reported,Not reported,2,1.0-2.0,Not reported,Not reported,OFF state,20,64.4,8.07,Cross-sectional,Motor Subtype,Non-tremor-dominant,Public ,PPMI,Resting-state,Not applicable,2400,25,210,8.4,3.3x3.3x3.3,3,6p,No,No,No,Yes,Yes,No,Not reported,Not reported,3,3,Not reported,Qualitative review,Not reported,FWHM = 4,Low-pass,Not reported,0.15,Not reported,Not reported,Not reported,NETWORKS,6,16,Basal Ganglia (BG); Default Mode Network (DMN); Fronto-parietal Network (FPN); Ventral Sensorimotor Network (SMN-v); Dorsal Sensorimotor Network (SMN-d),ICA,Sliding window,48,2.4,K-mean,4,Elbow,Dwell time; Fraction time; Number of transitions,Global efficiency; Local efficiency,https://www.ppmi-info.org/,Not reported ,State 4 (Integrated; least frequent); State 1 (Segregated; most frequent); States 2 and 3 (Intermediate with specific network features),Integrated states are associated with better motor performance.,Tremor-dominant patients spend more time in a segregated state; which is related to poorer motor performance. The study also found higher global efficiency in PD.,Mixed/Contradictory Findings,Not Applicable,Not Applicable,Tremor severity is linked to longer dwell time in the segregated state and higher connectivity between the Basal Ganglia (BG) and ventral Sensorimotor (vSMN) networks.,Small sample; OFF state only; Poor head-motion control
X31280293,Fiorenzato E; Strafella AP; Kim J; Schifano R; Weis L; Antonini A; Biundo R,2019,Brain: A Journal of Neurology,10.1093/brain/awz192,52,Not reported,Not reported,58.63,9.58,16.41,8.53,Not reported,Not reported,Not reported,Not reported,Not reported,Not reported,Not reported,Not reported,Not reported,Not reported,Not reported,Not reported,ON state,35,61.29,8.98,Cross-sectional,Clinical Phenotype,Cognitive Impairment,Private,Neurology Clinic Padua; San Camillo Hospital Venice,Resting-state,Not applicable,1939.4,45,240,8,2.875x2.875x5.2,1.5,6p,No,No,No,Yes,Yes,No,0.2,Not reported,Not reported,Not reported,30,Max displacement > 1 voxel,Not reported,FWHM = 6,Low-pass,Not reported,0.15,Not reported,Not reported,Not reported,NETWORKS,7,35,Auditory Network (AUD); Basal Ganglia (BG); Central Executive Network (CEN); Cerebellum (CB); Default Mode Network (DMN); Sensorimotor Network (SMN); Visual Network (VIS),ICA,Sliding window,44,1.9394,K-mean,2,Silhoutte,Dwell time; Fraction time; Number of transitions,Not reported,Upon request,Not reported ,State 2 (Integrated; less frequent); State 1 (Segregated; more frequent),PD patients show lower time in integrated states compared to HCs.,PD patients show higher time in segregated states. Worse cognitive performance is associated with long time spent in the segregated state.,Integration associated with better outcomes / Segregation with worse,HCs have a higher number of transitions. Transitions are positively correlated with cognitive performance.,More transitions associated with better outcomes,Major cognitive alterations in PD are associated with spending longer in sparse (segregated) states; having fewer state transitions; and spending less time in integrated states.,ON state only; Short scan; Low field strength
X31280293,Fiorenzato E; Strafella AP; Kim J; Schifano R; Weis L; Antonini A; Biundo R,2019,Brain: A Journal of Neurology,10.1093/brain/awz192,46,Not reported,Not reported,65.87,11.37,26.82,15.04,Not reported,Not reported,Not reported,Not reported,Not reported,Not reported,Not reported,Not reported,Not reported,Not reported,Not reported,Not reported,ON state,35,61.29,8.98,Cross-sectional,Clinical Phenotype,Cognitive Impairment,Private,Neurology Clinic Padua; San Camillo Hospital Venice,Resting-state,Not applicable,1939.4,45,240,8,2.875x2.875x5.2,1.5,6p,No,No,No,Yes,Yes,No,0.2,Not reported,Not reported,Not reported,30,Max displacement > 1 voxel,Not reported,FWHM = 6,Low-pass,Not reported,0.15,Not reported,Not reported,Not reported,NETWORKS,7,35,Auditory Network (AUD); Basal Ganglia (BG); Central Executive Network (CEN); Cerebellum (CB); Default Mode Network (DMN); Sensorimotor Network (SMN); Visual Network (VIS),ICA,Sliding window,44,1.9394,K-mean,2,Silhoutte,Dwell time; Fraction time; Number of transitions,Not reported,Upon request,Not reported ,State 2 (Integrated; less frequent); State 1 (Segregated; more frequent),PD patients show lower time in integrated states compared to HCs.,PD patients show higher time in segregated states. Worse cognitive performance is associated with long time spent in the segregated state.,Integration associated with better outcomes / Segregation with worse,HCs have a higher number of transitions. Transitions are positively correlated with cognitive performance.,More transitions associated with better outcomes,Major cognitive alterations in PD are associated with spending longer in sparse (segregated) states; having fewer state transitions; and spending less time in integrated states.,ON state only; Short scan; Low field strength
X31280293,Fiorenzato E; Strafella AP; Kim J; Schifano R; Weis L; Antonini A; Biundo R,2019,Brain: A Journal of Neurology,10.1093/brain/awz192,20,Not reported,Not reported,71.75,6.62,35.6,16.71,Not reported,Not reported,Not reported,Not reported,Not reported,Not reported,Not reported,Not reported,Not reported,Not reported,Not reported,Not reported,ON state,35,61.29,8.98,Cross-sectional,Clinical Phenotype,Cognitive Impairment,Private,Neurology Clinic Padua; San Camillo Hospital Venice,Resting-state,Not applicable,1939.4,45,240,8,2.875x2.875x5.2,1.5,6p,No,No,No,Yes,Yes,No,0.2,Not reported,Not reported,Not reported,30,Max displacement > 1 voxel,Not reported,FWHM = 6,Low-pass,Not reported,0.15,Not reported,Not reported,Not reported,NETWORKS,7,35,Auditory Network (AUD); Basal Ganglia (BG); Central Executive Network (CEN); Cerebellum (CB); Default Mode Network (DMN); Sensorimotor Network (SMN); Visual Network (VIS),ICA,Sliding window,44,1.9394,K-mean,2,Silhoutte,Dwell time; Fraction time; Number of transitions,Not reported,Upon request,Not reported ,State 2 (Integrated; less frequent); State 1 (Segregated; more frequent),PD patients show lower time in integrated states compared to HCs.,PD patients show higher time in segregated states. Worse cognitive performance is associated with long time spent in the segregated state.,Integration associated with better outcomes / Segregation with worse,HCs have a higher number of transitions. Transitions are positively correlated with cognitive performance.,More transitions associated with better outcomes,Major cognitive alterations in PD are associated with spending longer in sparse (segregated) states; having fewer state transitions; and spending less time in integrated states.,ON state only; Short scan; Low field strength
X39523453,Shen B; Yao Q; Zhang Y; Jiang Y; Wang Y; Jiang X; Zhao Y; Zhang H; Dong S; Li D; Chen Y; Pan Y; Yan J; Han F; Li S; Zhu Q; Zhang D; Zhang L; Wu YC,2024,CNS Neuroscience and Therapeutics,10.1111/cns.70115,64,Not reported,Not reported,60.13,9.2,56.8,20.56,Not reported,Not reported,Not reported,Not reported,Not reported,Not reported,2.8,0.79,Not reported,Not reported,Not reported,Not reported,ON state,54,59.51,6.15,Cross-sectional,Motor Subtype,Postural Instability and Gait Disorder,Private,Nanjing Medical University,Resting-state,Not applicable,2000,30,240,8,3x3x3,3,24p,Yes,No,No,Yes,Yes,No,Not reported,Not reported,Not reported,Not reported,Not reported,Compliance reported: <3mm translation; <3 deg rotation,Not reported,FWHM = 8,Band-pass,0.01,0.08,Low-pass,0.01,0.15,NETWORKS,5,22,Basal Ganglia (BG); Central Executive Network (CEN); Cerebellum (CB); Default Mode Network (DMN); Sensorimotor Network (SMN),ICA,Sliding window,44,2,K-mean,4,Elbow,Dwell time; Fraction time; Number of transitions,Not reported,Upon request,Not reported ,State 4 (Integrated; least frequent); State 1 (Segregated; most frequent); States 2 and 3 (Intermediate),PIGD patients show reduced dwell time in the integrated state compared to non-PIGD. PD patients spend less time in integrated states than HCs.,Higher time spent in the segregated state is related to higher PIGD scores (worse motor performance). PD patients spend more time in segregated states than HCs.,Integration associated with better outcomes / Segregation with worse,The number of transitions is higher in non-PIGD than in PIGD patients. More transitions are related to better motor performance.,More transitions associated with better outcomes,Postural Instability and Gait Disorder (PIGD) is associated with reduced overall connectivity. Increased connectivity between the Cerebellum (CB) and DMN may be a dynamic compensatory mechanism.,Not reported
X39523453,Shen B; Yao Q; Zhang Y; Jiang Y; Wang Y; Jiang X; Zhao Y; Zhang H; Dong S; Li D; Chen Y; Pan Y; Yan J; Han F; Li S; Zhu Q; Zhang D; Zhang L; Wu YC,2024,CNS Neuroscience and Therapeutics,10.1111/cns.70115,31,Not reported,Not reported,62.13,6.2,50.68,16.39,Not reported,Not reported,Not reported,Not reported,Not reported,Not reported,2.63,0.97,Not reported,Not reported,Not reported,Not reported,ON state,54,59.51,6.15,Cross-sectional,Motor Subtype,Postural Instability and Gait Disorder,Private,Nanjing Medical University,Resting-state,Not applicable,2000,30,240,8,3x3x3,3,24p,Yes,No,No,Yes,Yes,No,Not reported,Not reported,Not reported,Not reported,Not reported,Compliance reported: <3mm translation; <3 deg rotation,Not reported,FWHM = 8,Band-pass,0.01,0.08,Low-pass,0.01,0.15,NETWORKS,5,22,Basal Ganglia (BG); Central Executive Network (CEN); Cerebellum (CB); Default Mode Network (DMN); Sensorimotor Network (SMN),ICA,Sliding window,44,2,K-mean,4,Elbow,Dwell time; Fraction time; Number of transitions,Not reported,Upon request,Not reported ,State 4 (Integrated; least frequent); State 1 (Segregated; most frequent); States 2 and 3 (Intermediate),PIGD patients show reduced dwell time in the integrated state compared to non-PIGD. PD patients spend less time in integrated states than HCs.,Higher time spent in the segregated state is related to higher PIGD scores (worse motor performance). PD patients spend more time in segregated states than HCs.,Integration associated with better outcomes / Segregation with worse,The number of transitions is higher in non-PIGD than in PIGD patients. More transitions are related to better motor performance.,More transitions associated with better outcomes,Postural Instability and Gait Disorder (PIGD) is associated with reduced overall connectivity. Increased connectivity between the Cerebellum (CB) and DMN may be a dynamic compensatory mechanism.,Not reported
X33404161,Chen L; Bedard P; Hallett M; Horovitz SG,2021,Movement Disorders,10.1002/mds.28461,32,Not reported,Not reported,62.84,8.54,30.25,7.68,Not reported,Not reported,35.71,7.83,Not reported,Not reported,2.53,0.45,Not reported,Not reported,Not reported,Not reported,OFF and ON state,32,63.41,7.06,Longitudinal,Intervention Response,Dopaminergic Medication,Private,NIH–NINDS; North Sichuan Medical College,Resting-state,Not applicable,2000,30,200,6.666666667,Not reported ,3,24p,No,No,No,No,No,No,Not reported,Not reported,3,3,Not reported,4 PD patients and 4 healthy volunteers excluded due to excess head movements during the scan,Not reported,FWHM = 6,Band-pass,0.01,0.1,Not reported,Not reported,Not reported,NETWORKS,4,98,Cerebellum (CB); Cingulo-opercular Network (CON); Fronto-parietal Network (FPN); Sensorimotor Network (SMN),Dosenbach,Sliding window,44,2,K-mean,3,Elbow,Dwell time; Fraction time; Number of transitions,Not reported,Not reported ,Not reported ,Three balanced frequency states: State 1 (CB-SMN focused); State 2 (FPN-SMN focused); State 3 (CON-SMN focused),HCs and PD-ON patients spend more time in a state with strong FPN-SMN connections compared to PD-OFF.,The distinction between integrated/segregated states was not evident in the 3-state solution.,Neutral/Descriptive Finding,Not Applicable,Not Applicable,Dopamine depletion is linked to reduced dwell time and occurrence of an FPN-SMN connected state; Levodopa partially normalizes these dynamics.,Small sample; Head-motion artifacts
X29053835,Kim J; Criaud M; Cho SS; Diez-Cirarda M; Mihaescu A; Coakeley S; Ghadery C; Valli M; Jacobs MF; Houle S; Strafella AP,2017,Brain: A Journal of Neurology,10.1093/brain/awx233,31,Not reported,Not reported,65.5,7.2,28.4,11.5,Not reported,Not reported,Not reported,Not reported,Not reported,Not reported,1.92,0.2,Not reported,Not reported,Not reported,Not reported,ON state,23,64.5,8.3,Cross-sectional,General PD Characteristics,General PD vs HC,Private,IRCCS San Camillo Hospital; University of Padua,Resting-state,Not applicable,2000,30,235,7.833333333,3.43x3.43x5,3,6p,Yes,Yes,No,Yes,Yes,No,0.5,Not reported,1,Not reported,Not reported,Not reported,Not reported,FWHM = 6,Low-pass,Not reported,0.15,Not reported,Not reported,Not reported,NETWORKS,7,44,Auditory Network (AUD); Basal Ganglia (BG); Central Executive Network (CEN); Cerebellum (CB); Default Mode Network (DMN); Sensorimotor Network (SMN); Visual Network (VIS),ICA,Sliding window,44,2,K-mean,2,Gap statistic; Silhouette,Dwell time; Fraction time; Number of transitions,Global efficiency; Local efficiency,Upon request,Not reported ,State 2 (Integrated; less frequent); State 1 (Segregated; more frequent),PD patients spend more time in the integrated state (State II).,HCs spend more time in the segregated state (State I); which is related to better motor performance.,Integration associated with worse outcomes / Segregation with better,A higher number of transitions is related to worse motor performance.,More transitions associated with worse outcomes,Abnormal temporal patterns; greater segregation; and reduced global integration are related to motor severity in PD.,ON state only; Limited temporal resolution
X.WOS.001054971800001,Hensel; Lukas; Seger; Aline; Farrher; Ezequiel; Bonkhoff; Anna K.; Shah N. Jon; Fink; Gereon R.; Grefkes; Christian; Sommerauer; Michael; Doppler; Christopher E. J.,2023,Parkinsonism and Related Disorders,10.1016/j.parkreldis.2023.105777,16,Not reported,Not reported,66.6,8.4,29,Not reported,29,18.00-36.25,Not reported,Not reported,35,21.75-42.25,Not reported,Not reported,Not reported,Not reported,Not reported,Not reported,ON state,18,67.6,7.7,Cross-sectional,Intervention Response,Dopaminergic Medication,Private,University Hospital Cologne; Forschungszentrum Julich; University Hospital Frankfurt; RWTH Aachen University; Massachusetts General Hospital,Resting-state,Not applicable,2200,30,300,11,3.1x3.1x3.1,3,Not reported,No,No,No,Yes,Yes,No,Not reported,Not reported,Not reported,Not reported,Not reported,Not reported,Not reported,FWHM = 8,Low-pass,Not reported,0.15,Not reported,Not reported,Not reported,NETWORKS,4,10,Basal Ganglia (BG); Cerebellum (CB); Motor Initiation (MI); Sensorimotor Network (SMN),ICA,Sliding window,44,2.2,K-mean,4,Elbow; Silhoutte,Dwell time; Fraction time; Number of transitions,Not reported,Not reported ,Not reported ,State 2 (Stronger connections; anti-correlated); State 1 (Weaker connections/Segregated),PD patients spend less time in a state with stronger connections (integrated).,PD patients spend more time in a state with weaker connections (segregated).,Integration associated with better outcomes / Segregation with worse,Not Applicable,Not Applicable,Response to dopaminergic treatment is associated with the temporal dynamics of fronto-striatal connectivity.,ON state only; No standardized levodopa challenge
X.WOS.001054971800001,Hensel; Lukas; Seger; Aline; Farrher; Ezequiel; Bonkhoff; Anna K.; Shah N. Jon; Fink; Gereon R.; Grefkes; Christian; Sommerauer; Michael; Doppler; Christopher E. J.,2023,Parkinsonism and Related Disorders,10.1016/j.parkreldis.2023.105777,16,Not reported,Not reported,65.8,7,26,Not reported,26,18.00-28.25,Not reported,Not reported,42.5,27.75-51.00,Not reported,Not reported,Not reported,Not reported,Not reported,Not reported,ON state,18,67.6,7.7,Cross-sectional,Intervention Response,Dopaminergic Medication,Private,University Hospital Cologne; Forschungszentrum Julich; University Hospital Frankfurt; RWTH Aachen University; Massachusetts General Hospital,Resting-state,Not applicable,2200,30,300,11,3.1x3.1x3.1,3,Not reported,No,No,No,Yes,Yes,No,Not reported,Not reported,Not reported,Not reported,Not reported,Not reported,Not reported,FWHM = 8,Low-pass,Not reported,0.15,Not reported,Not reported,Not reported,NETWORKS,4,10,Basal Ganglia (BG); Cerebellum (CB); Motor Initiation (MI); Sensorimotor Network (SMN),ICA,Sliding window,44,2.2,K-mean,4,Elbow; Silhoutte,Dwell time; Fraction time; Number of transitions,Not reported,Not reported ,Not reported ,State 2 (Stronger connections; anti-correlated); State 1 (Weaker connections/Segregated),PD patients spend less time in a state with stronger connections (integrated).,PD patients spend more time in a state with weaker connections (segregated).,Integration associated with better outcomes / Segregation with worse,Not Applicable,Not Applicable,Response to dopaminergic treatment is associated with the temporal dynamics of fronto-striatal connectivity.,ON state only; No standardized levodopa challenge
X.WOS.000515444100015,Navalpotro-Gomez; Irene; Kim; Jinhee; Paz-Alonso; Pedro M.; Delgado-Alvarado; Manuel; Quiroga-Varela; Ana; Jimenez-Urbieta; Haritz; Carreiras; Manuel; Strafella; Antonio P.; Cruz Rodriguez-Oroz; Maria,2020,Parkinsonism and Related Disorders,10.1016/j.parkreldis.2019.12.009,16,Not reported,Not reported,61.25,8.2,Not reported,Not reported,Not reported,Not reported,20.35,9.4,Not reported,Not reported,Not reported,Not reported,2,1.5-2.5,Not reported,Not reported,ON state,17,63.5,9.7,Cross-sectional,Clinical Phenotype,Impulse Control Disorder,Private,Biodonostia Health Research Institute; Hospital Donostia; Basque Center on Cognition Brain and Language (BCBL); Clinica Universidad de Navarra; Sierrallana Hospital; Valdecilla Biomedical Research Institute (IDIVAL); University of Navarra; Centre for Addiction and Mental Health (CAMH),Resting-state,Not applicable,2140,25,300,10.7,3x3x3.5,3,Not reported,No,No,No,Yes,Yes,No,0.5,3,3,3,Not reported,"9 participants excluded due to motion (4 PD-ICD, 2 PD-noICD, 3 HC)",Not reported,FWHM = 8,Low-pass,Not reported,0.15,Not reported,Not reported,Not reported,NETWORKS,7,40,Auditory Network (AUD); Basal Ganglia (BG); Central Executive Network (CEN); Cerebellum (CB); Default Mode Network (DMN); Language Network (LAN); Salience Network (SAL); Sensorimotor Network (SMN); Visual Network (VIS),ICA,Sliding window,47,2.14,K-mean,4,Elbow; bayesian information criterion,Dwell time; Fraction time; Number of transitions,Assortativity; Betweenness centrality; Clustering coefficient; Global efficiency; Local efficiency,,Not reported ,State 1 (Integrated; least frequent); State 3 (Segregated; most frequent); States 2 and 4 (Intermediate),Not Applicable,PD with Impulse Control Disorder (ICD) spend more time in a segregated network state; which is correlated with worse personality and impulsivity scores.,Integration associated with better outcomes / Segregation with worse,Not Applicable,Not Applicable,Impulse Control Disorder (ICD) in PD is associated with heightened local engagement of limbic networks; suggesting inefficient emotion and reward modulation.,ON state only; No standardized levodopa challenge
X.WOS.000515444100015,Navalpotro-Gomez; Irene; Kim; Jinhee; Paz-Alonso; Pedro M.; Delgado-Alvarado; Manuel; Quiroga-Varela; Ana; Jimenez-Urbieta; Haritz; Carreiras; Manuel; Strafella; Antonio P.; Cruz Rodriguez-Oroz; Maria,2020,Parkinsonism and Related Disorders,10.1016/j.parkreldis.2019.12.009,20,Not reported,Not reported,63.45,8.1,Not reported,Not reported,Not reported,Not reported,25.93,7,Not reported,Not reported,Not reported,Not reported,2,1.5-3,Not reported,Not reported,ON state,17,63.5,9.7,Cross-sectional,Clinical Phenotype,Impulse Control Disorder,Private,Biodonostia Health Research Institute; Hospital Donostia; Basque Center on Cognition Brain and Language (BCBL); Clinica Universidad de Navarra; Sierrallana Hospital; Valdecilla Biomedical Research Institute (IDIVAL); University of Navarra; Centre for Addiction and Mental Health (CAMH),Resting-state,Not applicable,2140,25,300,10.7,3x3x3.5,3,Not reported,No,No,No,Yes,Yes,No,0.5,3,3,3,Not reported,"9 participants excluded due to motion (4 PD-ICD, 2 PD-noICD, 3 HC)",Not reported,FWHM = 8,Low-pass,Not reported,0.15,Not reported,Not reported,Not reported,NETWORKS,7,40,Auditory Network (AUD); Basal Ganglia (BG); Central Executive Network (CEN); Cerebellum (CB); Default Mode Network (DMN); Language Network (LAN); Salience Network (SAL); Sensorimotor Network (SMN); Visual Network (VIS),ICA,Sliding window,47,2.14,K-mean,4,Elbow; bayesian information criterion,Dwell time; Fraction time; Number of transitions,Assortativity; Betweenness centrality; Clustering coefficient; Global efficiency; Local efficiency,,Not reported ,State 1 (Integrated; least frequent); State 3 (Segregated; most frequent); States 2 and 4 (Intermediate),Not Applicable,PD with Impulse Control Disorder (ICD) spend more time in a segregated network state; which is correlated with worse personality and impulsivity scores.,Integration associated with better outcomes / Segregation with worse,Not Applicable,Not Applicable,Impulse Control Disorder (ICD) in PD is associated with heightened local engagement of limbic networks; suggesting inefficient emotion and reward modulation.,ON state only; No standardized levodopa challenge
X40252310,Kemp AS; Eubank AJ; Younus Y; Galvin JE; Prior FW; Larson-Prior LJ,2025,NeuroImage: Clinical,10.1016/j.nicl.2025.103779,15,Not reported,Not reported,69.9,9.3,29.7,9.5,Not reported,Not reported,Not reported,Not reported,Not reported,Not reported,2.4,0.6,Not reported,Not reported,Not reported,Not reported,ON state,22,70.7,7.5,Cross-sectional,Clinical Phenotype,Cognitive Impairment,Private,New York University (NYU) Grossman School of Medicine,Resting-state,Not applicable,2000,29,196,6.533333333,,3,12p,No,No,Yes,No,No,No,Not reported,Not reported,Not reported,Not reported,Not reported,Not reported,Not reported,FWHM = 6,High-pass,Not reported,Not reported,Not reported,Not reported,Not reported,NETWORKS,11,30,Auditory Network (AUD); Basal Ganglia (BG); Central Executive Network (CEN); Cerebellum (CB); Default Mode Network (DMN); Fronto-parietal Network (FPN); Language Network (LAN); Salience Network (SAL); Sensorimotor Network (SMN); Thalamus (TH); Visual Network (VIS),ICA,Sliding window,52,2,K-mean,3,City distance method,Dwell time,Not reported,doi:10.18112/openneuro.ds005892.v1.0.0.,https://github.com/kempaaron/seq2pat_notebook,State 2 (Hyper-connected/Integrated); State 1 (Hypo-connected/Segregated); State 3 (Anti-correlated pattern),HCs spend more time in the integrated state; which is considered helpful.,PD with Mild Cognitive Impairment (MCI) spend more time in the segregated state; which is linked to worse outcomes.,Integration associated with better outcomes / Segregation with worse,Not Applicable,Not Applicable,A combination of dFC measures and sequential pattern mining shows promise for understanding cognitive impairment mechanisms in PD.,Small sample
X40252310,Kemp AS; Eubank AJ; Younus Y; Galvin JE; Prior FW; Larson-Prior LJ,2025,NeuroImage: Clinical,10.1016/j.nicl.2025.103779,18,Not reported,Not reported,65.9,5.2,24.8,10.9,Not reported,Not reported,Not reported,Not reported,Not reported,Not reported,2.4,0.6,Not reported,Not reported,Not reported,Not reported,ON state,22,70.7,7.5,Cross-sectional,Clinical Phenotype,Cognitive Impairment,Private,New York University (NYU) Grossman School of Medicine,Resting-state,Not applicable,2000,29,196,6.533333333,,3,12p,No,No,Yes,No,No,No,Not reported,Not reported,Not reported,Not reported,Not reported,Not reported,Not reported,FWHM = 6,High-pass,Not reported,Not reported,Not reported,Not reported,Not reported,NETWORKS,11,30,Auditory Network (AUD); Basal Ganglia (BG); Central Executive Network (CEN); Cerebellum (CB); Default Mode Network (DMN); Fronto-parietal Network (FPN); Language Network (LAN); Salience Network (SAL); Sensorimotor Network (SMN); Thalamus (TH); Visual Network (VIS),ICA,Sliding window,52,2,K-mean,3,City distance method,Dwell time,Not reported,doi:10.18112/openneuro.ds005892.v1.0.0.,https://github.com/kempaaron/seq2pat_notebook,State 2 (Hyper-connected/Integrated); State 1 (Hypo-connected/Segregated); State 3 (Anti-correlated pattern),HCs spend more time in the integrated state; which is considered helpful.,PD with Mild Cognitive Impairment (MCI) spend more time in the segregated state; which is linked to worse outcomes.,Integration associated with better outcomes / Segregation with worse,Not Applicable,Not Applicable,A combination of dFC measures and sequential pattern mining shows promise for understanding cognitive impairment mechanisms in PD.,Small sample
X29527489,Diez-Cirarda M; Strafella AP; Kim J; Pena J; Ojeda N; Cabrera-Zubizarreta A; Ibarretxe-Bilbao N,2018,NeuroImage: Clinical,10.1016/j.nicl.2017.12.013,23,Not reported,Not reported,69.17,4.48,22.65,11.08,Not reported,Not reported,Not reported,Not reported,Not reported,Not reported,Not reported,Not reported,1.93,0.5,Not reported,Not reported,ON state,26,68.31,7.52,Cross-sectional,Clinical Phenotype,Cognitive Impairment,Private,Hospital of Galdakao; PD Biscay Association (ASPARBI),Resting-state,Not applicable,2100,16,220,7.7,3x3x3x,3,6p,No,Yes,No,Yes,No,No,0.5,Not reported,Not reported,Not reported,Not reported,Not reported,Not reported,FWHM = 6,Band-pass,0.008,0.09,Low-pass,Not reported,0.15,NETWORKS,7,29,Auditory Network (AUD); Basal Ganglia (BG); Central Executive Network (CEN); Cerebellum (CB); Default Mode Network (DMN); Sensorimotor Network (SMN); Subcortical (SC); Visual Network (VIS),ICA,Sliding window,46.2,2.2,K-mean,2,Elbow,Dwell time; Number of transitions,Betweenness centrality; Clustering coefficient; Global efficiency; Local efficiency,Not reported ,Not reported ,State 1 (Integrated; less frequent); State 2 (Segregated; more frequent),Not Applicable,Compared to HCs; PD with MCI spend less time in a segregated state.,Integration associated with worse outcomes / Segregation with better,A higher number of transitions is observed in PD with MCI compared to HCs.,More transitions associated with worse outcomes,Mild Cognitive Impairment (MCI) in PD is associated with dFC deterioration; reduced SMN-Cerebellum coupling; and topological decline in the SMN.,Short scan; Low TE; ON state only; Domain unspecified
X29527489,Diez-Cirarda M; Strafella AP; Kim J; Pena J; Ojeda N; Cabrera-Zubizarreta A; Ibarretxe-Bilbao N,2018,NeuroImage: Clinical,10.1016/j.nicl.2017.12.013,12,Not reported,Not reported,65.17,8.31,18.45,6.91,Not reported,Not reported,Not reported,Not reported,Not reported,Not reported,Not reported,Not reported,1.79,0.39,Not reported,Not reported,ON state,26,68.31,7.52,Cross-sectional,Clinical Phenotype,Cognitive Impairment,Private,Hospital of Galdakao; PD Biscay Association (ASPARBI),Resting-state,Not applicable,2100,16,220,7.7,3x3x3x,3,6p,No,Yes,No,Yes,No,No,0.5,Not reported,Not reported,Not reported,Not reported,Not reported,Not reported,FWHM = 6,Band-pass,0.008,0.09,Low-pass,Not reported,0.15,NETWORKS,7,59,Auditory Network (AUD); Basal Ganglia (BG); Central Executive Network (CEN); Cerebellum (CB); Default Mode Network (DMN); Sensorimotor Network (SMN); Subcortical (SC); Visual Network (VIS),ICA,Sliding window,46.2,2.2,K-mean,2,Elbow,Dwell time; Number of transitions,Betweenness centrality; Clustering coefficient; Global efficiency; Local efficiency,Not reported ,Not reported ,State 1 (Integrated; less frequent); State 2 (Segregated; more frequent),Not Applicable,Compared to HCs; PD with MCI spend less time in a segregated state.,Integration associated with worse outcomes / Segregation with better,A higher number of transitions is observed in PD with MCI compared to HCs.,More transitions associated with worse outcomes,Mild Cognitive Impairment (MCI) in PD is associated with dFC deterioration; reduced SMN-Cerebellum coupling; and topological decline in the SMN.,Short scan; Low TE; ON state only; Domain unspecified
X36075964,Zarkali A; Luppi AI; Stamatakis EA; Reeves S; McColgan P; Leyland LA; Lees AJ; Weil RS,2022,Communications Biology,10.1038/s42003-022-03903-x,16,Not reported,Not reported,64.8,8.6,29.8,22.6,Not reported,Not reported,Not reported,Not reported,Not reported,Not reported,Not reported,Not reported,Not reported,Not reported,Not reported,Not reported,ON state,32,66.1,9.4,Cross-sectional,Clinical Phenotype,Hallucination,Private,Dementia Research Centre; University College London,Resting-state,Not applicable,700,30,105,1.225,,3,6p,Yes,Yes,No,No,No,No,0.3,5,Not reported,Not reported,30,Not reported,Not reported,Not reported,Not reported,Not reported,Not reported,Not reported,Not reported,Not reported,WHOLE BRAIN,Not applicable,232,Not applicable,Schaefer200 cortical; Tian subcortical,Sliding window,44,0.7,K-mean,2,Cartographic profile,Dwell time; Fraction time; Number of transitions,Not reported,Not reported ,https://github.com/AngelikaZa/TVFC,Integrated and Segregated states,PD patients with hallucinations spend less time in the integrated state.,PD patients with hallucinations spend more time in the segregated state compared to those without hallucinations and HCs.,Integration associated with better outcomes / Segregation with worse,The number of transitions is lower in PD with hallucinations compared to those without.,More transitions associated with better outcomes,Visual Hallucinations (VH) in PD are linked to spending more time in a segregated state; having fewer state transitions; and longer dwell times in the integrated state.,Small sample; ON state only; Linear model only
X36075964,Zarkali A; Luppi AI; Stamatakis EA; Reeves S; McColgan P; Leyland LA; Lees AJ; Weil RS,2022,Communications Biology,10.1038/s42003-022-03903-x,75,Not reported,Not reported,64.4,7.8,21.2,11.3,Not reported,Not reported,Not reported,Not reported,Not reported,Not reported,Not reported,Not reported,Not reported,Not reported,Not reported,Not reported,ON state,32,66.1,9.4,Cross-sectional,Clinical Phenotype,Hallucination,Private,Dementia Research Centre; University College London,Resting-state,Not applicable,700,30,105,1.225,,3,6p,Yes,Yes,No,No,No,No,0.3,5,Not reported,Not reported,30,Not reported,Not reported,Not reported,Not reported,Not reported,Not reported,Not reported,Not reported,Not reported,WHOLE BRAIN,Not applicable,232,Not applicable,Schaefer200 cortical; Tian subcortical,Sliding window,44,0.7,K-mean,2,Cartographic profile,Dwell time; Fraction time; Number of transitions,Not reported,Not reported ,https://github.com/AngelikaZa/TVFC,Integrated and Segregated states,PD patients with hallucinations spend less time in the integrated state.,PD patients with hallucinations spend more time in the segregated state compared to those without hallucinations and HCs.,Integration associated with better outcomes / Segregation with worse,The number of transitions is lower in PD with hallucinations compared to those without.,More transitions associated with better outcomes,Visual Hallucinations (VH) in PD are linked to spending more time in a segregated state; having fewer state transitions; and longer dwell times in the integrated state.,Small sample; ON state only; Linear model only
X37597816,Gan C; Ji M; Sun H; Cao X; Shi J; Wang L; Zhang H; Yuan Y; Zhang K,2023,Neurobiology of Disease,10.1016/j.nbd.2023.106265,52,Not reported,Not reported,62.67,8.19,Not reported,Not reported,Not reported,Not reported,33,14.61,Not reported,Not reported,2.3,0.8,Not reported,Not reported,Not reported,Not reported,OFF state,38,61.92,5.57,Cross-sectional,Clinical Phenotype,Freezing of Gait,Private,Nanjing Medical University,Resting-state,Not applicable,2000,21,240,8,3x3x3,3,Not reported,No,No,No,Yes,Yes,No,Not reported,Not reported,Not reported,Not reported,Not reported,Compliance reported: <2mm translation; <2 deg rotation,Not reported,FWHM = 6,Low-pass,Not reported,0.1,Not reported,Not reported,Not reported,NETWORKS,7,23,Auditory Network (AUD); Basal Ganglia (BG); Central Executive Network (CEN); Cerebellum (CB); Default Mode Network (DMN); Sensorimotor Network (SMN); Visual Network (VIS),ICA,Sliding window,46,2,K-mean,7,Elbow,Dwell time; Fraction time; Number of transitions,Global efficiency; Local efficiency; Nodal efficiency ,Upon request,Not reported ,State 6 (Strongly Integrated); State 1 (Weakly Segregated); States 2-5 and 7 (Intermediate with specific network features),Spending more time in an intermediate state is related to worse motor performance.,No clear group differences in temporal properties of states were found.,Neutral/Descriptive Finding,Not Applicable,Not Applicable,Freezing of Gait (FOG) may reflect an altered allocation of visuospatial and cognitive resources.,Laboratory setting; No real-time FOG capture; Cross-sectional design
X37597816,Gan C; Ji M; Sun H; Cao X; Shi J; Wang L; Zhang H; Yuan Y; Zhang K,2023,Neurobiology of Disease,10.1016/j.nbd.2023.106265,73,Not reported,Not reported,61.71,9.59,Not reported,Not reported,Not reported,Not reported,26.62,13.03,Not reported,Not reported,2.2,0.6,Not reported,Not reported,Not reported,Not reported,OFF state,38,61.92,5.57,Cross-sectional,Clinical Phenotype,Freezing of Gait,Private,Nanjing Medical University,Resting-state,Not applicable,2000,21,240,8,3x3x3,3,Not reported,No,No,No,Yes,Yes,No,Not reported,Not reported,Not reported,Not reported,Not reported,Compliance reported: <2mm translation; <2 deg rotation,Not reported,FWHM = 6,Low-pass,Not reported,0.1,Not reported,Not reported,Not reported,NETWORKS,7,23,Auditory Network (AUD); Basal Ganglia (BG); Central Executive Network (CEN); Cerebellum (CB); Default Mode Network (DMN); Sensorimotor Network (SMN); Visual Network (VIS),ICA,Sliding window,46,2,K-mean,7,Elbow,Dwell time; Fraction time; Number of transitions,Global efficiency; Local efficiency; Nodal efficiency ,Upon request,Not reported ,State 6 (Strongly Integrated); State 1 (Weakly Segregated); States 2-5 and 7 (Intermediate with specific network features),Not Applicable,Not Applicable,Not Applicable,Not Applicable,Not Applicable,Freezing of Gait (FOG) may reflect an altered allocation of visuospatial and cognitive resources.,Laboratory setting; No real-time FOG capture; Cross-sectional design
X39401562,Liu X; Zhang Y; Weng Y; Zhong M; Wang L; Gao Z; Hu H; Zhang Y; Huang B; Huang R,2025,Progress in Neuro-Psychopharmacology and Biological Psychiatry,10.1016/j.pnpbp.2024.111169,23,Not reported,Not reported,63.35,8.74,23.33,7.75,Not reported,Not reported,30.07,9.5,Not reported,Not reported,1.91,0.67,Not reported,Not reported,Not reported,Not reported,OFF and ON state,21,63.19,10.32,Longitudinal,Intervention Response,Levodopa Medication,Private,Guangdong General Hospital,Resting-state,Not applicable,2000,30,186,6.2,3x3x3,3,24p,Yes,No,No,Yes,No,No,0.2,Not reported,2.5,2.5,Not reported,FD from Jenkinson,Not reported,FWHM = 5,Band-pass,0.01,0.1,Not reported,Not reported,Not reported,NETWORKS,7,43,Auditory Network (AUD); Basal Ganglia (BG); Central Executive Network (CEN); Cerebellum (CB); Default Mode Network (DMN); Sensorimotor Network (SMN); Visual Network (VIS),ICA,Sliding window,44,2,K-mean,2,Silhoutte,Dwell time; Fraction time; Number of transitions,Not reported,Not reported ,Not reported ,State 1 (Strongly connected/Integrated); State 2 (Sparsely connected/Segregated),PD patients (ON and OFF) show lower occurrence and dwell time in the integrated state compared to HCs.,PD patients show higher occurrence in the segregated state. PD-OFF patients spend more time in this state than HCs and PD-ON patients.,Integration associated with better outcomes / Segregation with worse,PD-ON patients have a higher number of transitions than PD-OFF patients.,More transitions associated with better outcomes,Levodopa improves abnormal network dynamics and organization in PD.,No placebo group; Small sample; Short window length; Head-motion artifacts
X40041986,Chen L; Wang J; Gao L; Sun J; Zhang D; Wu T,2025,Journal of Neuroscience Research,10.1002/jnr.70029,48,Not reported,Not reported,59.4,7.53,Not reported,Not reported,Not reported,Not reported,29.02,10.66,Not reported,Not reported,1.85,0.71,Not reported,Not reported,Not reported,Not reported,OFF state,92,60.46,8.89,Cross-sectional,Clinical Phenotype,Motor Side Dominance,Private,Xuanwu Hospital; Capital Medical University,Resting-state,Not applicable,2000,30,180,6,3x3x3,3,24p,Yes,No,No,No,No,Yes,0.3,Not reported,3,3,Not reported,Not reported,Not reported,FWHM = 4,Band-pass,0.01,0.08,Not reported,Not reported,Not reported,AREAS,1,33,Cerebellar areas,SUIT,Sliding window,60,2,K-mean,2,Calinski–Harabasz and Davies–Bouldin indices; Silhoutte,Dwell time; Fraction time; Number of transitions,Not reported,Not reported ,Not reported ,State 1 (Integrated; less frequent); State 2 (Segregated; more frequent),Worse motor performance is related to more time spent in an integrated state.,HCs spend less time in the segregated state than PD. Spending more time in this state is linked to worse sleep disturbance.,Mixed/Contradictory Findings,Not Applicable,Not Applicable,Dynamic features of the cerebellum differ between PD and HCs and vary depending on the dominant side of motor symptoms.,Cross-sectional design; Small sample; Short scan
X40041986,Chen L; Wang J; Gao L; Sun J; Zhang D; Wu T,2025,Journal of Neuroscience Research,10.1002/jnr.70029,60,Not reported,Not reported,59.6,10,Not reported,Not reported,Not reported,Not reported,27.23,13.65,Not reported,Not reported,1.71,0.65,Not reported,Not reported,Not reported,Not reported,OFF state,92,60.46,8.89,Cross-sectional,Clinical Phenotype,Motor Side Dominance,Private,Xuanwu Hospital; Capital Medical University,Resting-state,Not applicable,2000,30,180,6,3x3x3,3,24p,Yes,No,No,No,No,Yes,0.3,Not reported,3,3,Not reported,Not reported,Not reported,FWHM = 4,Band-pass,0.01,0.08,Not reported,Not reported,Not reported,AREAS,1,33,Cerebellar areas,SUIT,Sliding window,60,2,K-mean,2,Calinski–Harabasz and Davies–Bouldin indices; Silhoutte,Dwell time; Fraction time; Number of transitions,Not reported,Not reported ,Not reported ,State 1 (Integrated; less frequent); State 2 (Segregated; more frequent),Worse motor performance is related to more time spent in an integrated state.,HCs spend less time in the segregated state than PD. Spending more time in this state is linked to worse sleep disturbance.,Mixed/Contradictory Findings,Not Applicable,Not Applicable,Dynamic features of the cerebellum differ between PD and HCs and vary depending on the dominant side of motor symptoms.,Cross-sectional design; Small sample; Short scan
X.WOS.000710021600001,Wu; Chengyuan; Matias; Caio; Foltynie; Thomas; Limousin; Patricia; Zrinzo; Ludvic; Akram; Harith,2021,Frontiers in Human Neuroscience,10.3389/fnhum.2021.729677,18,Not reported,Not reported,55.3,10.1,17.4,10.1,Not reported,Not reported,41.8,11.3,Not reported,Not reported,Not reported,Not reported,Not reported,Not reported,3,4,ON state,Not reported ,Not reported,Not reported,Longitudinal,Intervention Response,DBS Stimulation,Private,Thomas Jefferson University; UCL Institute of Neurology; National Hospital for Neurology and Neurosurgery,Resting-state,Not applicable,2700,30,253,11.385,3x3x2.5,3,6p,Yes,Yes,No,No,No,Yes,Not reported,Not reported,Not reported,Not reported,Not reported,Not reported,Not reported,FWHM = 8,High-pass,0.078,Not reported,Not reported,Not reported,Not reported,NETWORKS,8,25,Auditory Network (AUD); Cerebellum (CB); Default Mode Network (DMN); Fronto-parietal Network (FPN); Language Network (LAN); Salience Network (SAL); Sensorimotor Network (SMN); Visual Network (VIS),ICA,Sliding window,59.4,2.7,K-mean,2,Silhoutte,Dwell time; Number of transitions,Assortativity; Betweenness centrality; Clustering coefficient; Global efficiency,Upon request,Not reported ,State 1 (Integrated); State 2 (Segregated),Not Applicable,Not Applicable,Not Applicable,No significant findings on temporal properties of states between before and after DBS.,Neutral/Descriptive Finding,Dynamic graph analysis can isolate a hypo-connected state that is linked to the clinical effects of STN-DBS.,ON state only; Small sample; Insufficient ICs covering basal ganglia
X40645507,Pan Y; Qu H; Zhao Y; Qin Z; Liu J; Wang W,2025,Brain Research Bulletin,10.1016/j.brainresbull.2025.111460,37,Not reported,Not reported,65.6,8.1,23.7,10.5,Not reported,Not reported,Not reported,Not reported,Not reported,Not reported,Not reported,Not reported,2,1.25,Not reported,Not reported,ON state,30,62.2,8.1,Cross-sectional,Motor Subtype,Tremor-dominant,Private,Affiliated Hospital of Yangzhou University,Resting-state,Not applicable,2000,3.1,235,7.833333333,3.5x3.5x3.5,3,Not reported,No,No,No,No,No,No,Not reported,Not reported,Not reported,Not reported,Not reported,Compliance reported: <2mm translation; <2 deg rotation,Not reported,FWHM = 6,Not reported,Not reported,Not reported,Not reported,Not reported,Not reported,NETWORKS,8,23,Attention Network (ATT); Auditory Network (AUD); Cerebellum (CB); Central Executive Network (CEN); Default Mode Network (DMN); Salience Network (SAL); Sensorimotor Network (SMN); Visual Network (VIS),ICA,Sliding window,30,2,K-mean,4,Elbow,Dwell time; Fraction time; Number of transitions,Global efficiency; Local efficiency; Small-worldness,Upon request,Not reported ,State 3 (Integrated; HC only); State 1 (Segregated; most frequent); States 2 and 4 (Intermediate),The integrated state was only found in HCs; and spending less time in a more integrated state was related to better motor performance.,Dwell time in the segregated state is higher in PD than HCs; and spending more time in this state is related to worse motor performance.,Mixed/Contradictory Findings,A higher number of transitions is related to better performance.,More transitions associated with better outcomes,dFC state properties differ across PD motor subtypes (Tremor-dominant vs. Akinetic-rigid) and correlate with motor-deficit severity.,ON state only; Disease duration uncontrolled; Small sample; Cross-sectional design
X40645507,Pan Y; Qu H; Zhao Y; Qin Z; Liu J; Wang W,2025,Brain Research Bulletin,10.1016/j.brainresbull.2025.111460,33,Not reported,Not reported,64,8.9,28.1,9.7,Not reported,Not reported,Not reported,Not reported,Not reported,Not reported,Not reported,Not reported,2,0.75,Not reported,Not reported,ON state,30,62.2,8.1,Cross-sectional,Motor Subtype,Akinetic-rigid,Private,Affiliated Hospital of Yangzhou University,Resting-state,Not applicable,2000,3.1,235,7.833333333,3.5x3.5x3.5,3,Not reported,No,No,No,No,No,No,Not reported,Not reported,Not reported,Not reported,Not reported,Compliance reported: <2mm translation; <2 deg rotation,Not reported,FWHM = 6,Not reported,Not reported,Not reported,Not reported,Not reported,Not reported,NETWORKS,8,23,Attention Network (ATT); Auditory Network (AUD); Cerebellum (CB); Central Executive Network (CEN); Default Mode Network (DMN); Salience Network (SAL); Sensorimotor Network (SMN); Visual Network (VIS),ICA,Sliding window,30,2,K-mean,4,Elbow,Dwell time; Fraction time; Number of transitions,Global efficiency; Local efficiency; Small-worldness,Upon request,Not reported ,State 3 (Integrated; HC only); State 1 (Segregated; most frequent); States 2 and 4 (Intermediate),The integrated state was only found in HCs; and spending less time in a more integrated state was related to better motor performance.,Dwell time in the segregated state is higher in PD than HCs; and spending more time in this state is related to worse motor performance.,Mixed/Contradictory Findings,A higher number of transitions is related to better performance.,More transitions associated with better outcomes,dFC state properties differ across PD motor subtypes (Tremor-dominant vs. Akinetic-rigid) and correlate with motor-deficit severity.,ON state only; Disease duration uncontrolled; Small sample; Cross-sectional design
X25252272,Liu A; Chen X; McKeown MJ; Wang ZJ,2015,IEEE Transactions on Bio-Medical Engineering,10.1109/TBME.2014.2359211,12,Not reported,Not reported,Not reported,Not reported,Not reported,Not reported,Not reported,Not reported,Not reported,Not reported,Not reported,Not reported,Not reported,Not reported,Not reported,Not reported,Not reported,Not reported,Not reported ,10,Not reported,Not reported,Cross-sectional,General PD Characteristics,General PD vs HC,Private,University of British Columbia (UBC),Resting-state,Not applicable,1985,37,Not reported,4,1.9×1.9×3,3,Not reported,No,No,No,No,No,No,Not reported,Not reported,Not reported,Not reported,Not reported,Not reported,Not reported,Not reported,Not reported,Not reported,Not reported,Not reported,Not reported,Not reported,WHOLE BRAIN,Not applicable,48,Not applicable,Freesurfer,Sticky Weighted Time Varying Model,32,Not applicable,Sticky Weighted Time Varying Model,2,Not applicable,Averaged time periods; Network variation; Number of transitions,Not reported,Not reported ,Not reported ,Binary states: Zero-connectivity state; Non-zero connectivity state,Not Applicable,PD has higher time duration in zero-connectivity states.,Integration associated with better outcomes / Segregation with worse,PD has a lower number of switching events (transitions) compared to HCs.,More transitions associated with better outcomes,PD is associated with reduced network variability over time; which may be a potential biomarker reflecting impaired cognitive flexibility.,Methodological: parameter count estimation required
X.WOS.000459153700001,Zhu; Hong; Huang; Juan; Deng; Lifu; He; Naying; Cheng; Lin; Shu; Pin; Yan; Fuhua; Tong; Shanbao; Sun; Junfeng; Ling; Huawei,2019,Frontiers in Neuroscience,10.3389/fnins.2019.00080,42,Not reported,Not reported,61.14,7.13,15.5,6.36,Not reported,Not reported,Not reported,Not reported,Not reported,Not reported,1.33,0.45,Not reported,Not reported,Not reported,Not reported,ON state,40,62.68,5.73,Cross-sectional,General PD Characteristics,General PD vs HC,Private,Ruijin Hospital; Shanghai Jiao Tong University,Resting-state,Not applicable,2000,30,210,7,3.75x3.75x4,3,24p,Yes,No,No,No,No,No,Not reported,Not reported,2,2,Not reported,Not reported,Not reported,FWHM = 6,Band-pass,0.01,0.1,Not reported,Not reported,Not reported,NETWORKS,13,264,Auditory Network (AUD); Cerebellum (CB); Cingulo-opercular Network (CON); Default Mode Network (DMN); Dorsal Attention Network (DAN); Fronto-parietal Network (FPN); Memory Network (MEM); Salience Network (SAL); Sensorimotor Network (SMN); Subcortical (SC); Uncertain; Ventral Attention Network (VAN); Visual Network (VIS),Shen; AAL,Sliding window,40,40,Not applicable,Not applicable,Not applicable,Temporal variability,Network variability,Upon request,Not reported ,Not applicable (Method measures temporal variability; not states),Not Applicable,Not Applicable,Not Applicable,Not Applicable,Not Applicable,The temporal variability of functional connectivity profiles can detect aberrant dynamics that are associated with clinical deficits in PD.,PD heterogeneity
X40543818,Zhi Y; Chen K; You Y; Ji Y; Cheng W; Ji W; Shi G; Fang X; Wang F; Chen K; Zhang L,2025,Neurobiology of Disease,10.1016/j.nbd.2025.107008,30,Not reported,Not reported,64,9.32,Not reported,Not reported,Not reported,Not reported,22,9.8,Not reported,Not reported,2.13,0.79,Not reported,Not reported,Not reported,Not reported,OFF state,37,60.86,7.23,Cross-sectional,Clinical Phenotype,Apathy,Private,Affiliated Wuxi Peoples Hospital of Nanjing Medical University,Resting-state,Not applicable,1500,31,300,7.5,2.4x2.4x2.4,3,6p,No,No,No,Yes,Yes,No,Not reported,Not reported,2.5,2.5,Not reported,Not reported,Not reported,FWHM = 6,Low-pass,Not reported,0.1,Not reported,Not reported,Not reported,NETWORKS,7,15,Attention Network (ATT); Auditory Network (AUD); Central Executive Network (CEN); Cerebellum (CB); Default Mode Network (DMN); Sensorimotor Network (SMN); Visual Network (VIS),ICA,Sliding window,45,1.5,K-mean,4,Elbow,Dwell time; Fraction time; Number of transitions,Not reported,Upon request,Not reported ,State 2 (Integrated; least frequent); State 1 (Segregated; most frequent); States 3 and 4 (Intermediate),Not Applicable,PD with pure apathy (PA) stay longer in a segregated state; which is related to higher apathy scores.,Integration associated with better outcomes / Segregation with worse,Not Applicable,Not Applicable,Apathy in PD is linked to prolonged residence in low-connectivity (segregated) states and disconnection within the DMN.,Data-driven approach; Basal ganglia not identified; Small sample; Cross-sectional design
X40543818,Zhi Y; Chen K; You Y; Ji Y; Cheng W; Ji W; Shi G; Fang X; Wang F; Chen K; Zhang L,2025,Neurobiology of Disease,10.1016/j.nbd.2025.107008,37,Not reported,Not reported,63.57,8.28,Not reported,Not reported,Not reported,Not reported,22.51,12.3,Not reported,Not reported,1.92,0.67,Not reported,Not reported,Not reported,Not reported,OFF state,37,60.86,7.23,Cross-sectional,Clinical Phenotype,Apathy,Private,Affiliated Wuxi Peoples Hospital of Nanjing Medical University,Resting-state,Not applicable,1500,31,300,7.5,2.4x2.4x2.4,3,6p,No,No,No,Yes,Yes,No,Not reported,Not reported,2.5,2.5,Not reported,Not reported,Not reported,FWHM = 6,Low-pass,Not reported,0.1,Not reported,Not reported,Not reported,NETWORKS,7,15,Attention Network (ATT); Auditory Network (AUD); Central Executive Network (CEN); Cerebellum (CB); Default Mode Network (DMN); Sensorimotor Network (SMN); Visual Network (VIS),ICA,Sliding window,45,1.5,K-mean,4,Elbow,Dwell time; Fraction time; Number of transitions,Not reported,Upon request,Not reported ,State 2 (Integrated; least frequent); State 1 (Segregated; most frequent); States 3 and 4 (Intermediate),Not Applicable,PD with pure apathy (PA) stay longer in a segregated state; which is related to higher apathy scores.,Integration associated with better outcomes / Segregation with worse,Not Applicable,Not Applicable,Apathy in PD is linked to prolonged residence in low-connectivity (segregated) states and disconnection within the DMN.,Data-driven approach; Basal ganglia not identified; Small sample; Cross-sectional design
X33383608,Boon LI; Hepp DH; Douw L; van Geenen N; Broeders TAA; Geurts JJG; Berendse HW; Schoonheim MM,2020,NeuroImage: Clinical,10.1016/j.nicl.2020.102468,50,50,77,65.5,6.27,26.1,8.64,Not reported,Not reported,Not reported,Not reported,Not reported,Not reported,Not reported,Not reported,Not reported,Not reported,Not reported,Not reported,ON state,13,64.4,8.65,Longitudinal,Disease Progression,Multi-year follow-up,Private,Amsterdam UMC,Resting-state,Not applicable,1800,35,202,6.06,1x0.9x0.9,3,Not reported,No,No,Yes,No,No,No,Not reported,Not reported,Not reported,Not reported,Not reported,Qualitative review,Not reported,Not reported,Not reported,Not reported,Not reported,Not reported,Not reported,Not reported,NETWORKS,7,196,Default Mode Network (DMN); Dorsal Attention Network (DAN); Fronto-parietal Network (FPN); Sensorimotor Network (SMN); Subcortical (SC); Ventral Attention Network (VAN); Visual Network (VIS),Brainnetome,Sliding window,48.6,10,Not applicable,Not applicable,Not applicable,Not applicable,Network strength,Not reported ,Not reported ,Not applicable,No significant dFC state findings reported. The study focused on evaluating static FC connections with dynamic measures.,No significant dFC state findings reported. The study focused on evaluating static FC connections with dynamic measures.,Not Applicable,Not Applicable,Not Applicable,Executive dysfunction in PD is associated with disrupted communication between subcortical; frontoparietal; and attention networks.,Incomplete follow-up; ON state only; Longitudinal analysis reused cross-sectional findings; Small sample; Unclear biological meaning of dFC
X33383608,Boon LI; Hepp DH; Douw L; van Geenen N; Broeders TAA; Geurts JJG; Berendse HW; Schoonheim MM,2020,NeuroImage: Clinical,10.1016/j.nicl.2020.102468,31,54,77,66.2,5.62,Not measured,Not measured,Not reported,Not reported,Not reported,Not reported,Not reported,Not reported,Not reported,Not reported,Not reported,Not reported,Not reported,Not reported,ON state,13,64.4,8.65,Longitudinal,Disease Progression,Multi-year follow-up,Private,Amsterdam UMC,Resting-state,Not applicable,1800,35,202,6.06,1x0.9x0.9,3,Not reported,No,No,Yes,No,No,No,Not reported,Not reported,Not reported,Not reported,Not reported,Qualitative review,Not reported,Not reported,Not reported,Not reported,Not reported,Not reported,Not reported,Not reported,NETWORKS,7,196,Default Mode Network (DMN); Dorsal Attention Network (DAN); Fronto-parietal Network (FPN); Sensorimotor Network (SMN); Subcortical (SC); Ventral Attention Network (VAN); Visual Network (VIS),Brainnetome,Sliding window,48.6,10,Not applicable,Not applicable,Not applicable,Not applicable,Network strength,Not reported ,Not reported ,Not applicable,No significant dFC state findings reported. The study focused on evaluating static FC connections with dynamic measures.,No significant dFC state findings reported. The study focused on evaluating static FC connections with dynamic measures.,Not Applicable,Not Applicable,Not Applicable,Executive dysfunction in PD is associated with disrupted communication between subcortical; frontoparietal; and attention networks.,Incomplete follow-up; ON state only; Longitudinal analysis reused cross-sectional findings; Small sample; Unclear biological meaning of dFC
X34721266,Wang S; Cai H; Cao Z; Li C; Wu T; Xu F; Qian Y; Chen X; Yu Y,2021,Frontiers in Neurology,10.3389/fneur.2021.735999,25,Not reported,Not reported,65.32,8.385,Not reported,Not reported,Not reported,Not reported,33.32,15.247,Not reported,Not reported,2.6,0.791,Not reported,Not reported,Not reported,Not reported,OFF state,25,63.88,8.212,Cross-sectional,Clinical Phenotype,Freezing of Gait,Private,The First Affiliated Hospital of Anhui Medical University,Resting-state,Not applicable,2000,30,185,6.166666667,3.4x3.4x3.4,3,24p,Yes,No,No,Yes,No,No,Not reported,Not reported,3,3,Not reported,First 10 volumes removed,Not reported,FWHM = 6,Band-pass,0.01,0.1,Not reported,Not reported,Not reported,AREAS,14,30,Thalamic nuclei: AV; IL; LGN; LP; MD-mc; MD-pc; MGN; PuA; Pulv-Inf; Pulv-Lat; Pulv-Med; VA; VL; VPL,AAL,Not reported ,60,2,Not applicable,Not applicable,Not applicable,Not applicable,Not reported,Upon request,Not reported ,Not applicable,The study reports on areas with different dFC (fluctuations) between groups but does not define integrated/segregated states.,The study reports on areas with different dFC (fluctuations) between groups but does not define integrated/segregated states.,Neutral/Descriptive Finding,Not Applicable,Not Applicable,Freezing of Gait (FOG) in PD is linked to disrupted dFC and larger temporal fluctuations between thalamic nuclei and associative cortices.,No causal inference; Small sample; FOG severity not assessed via questionnaire
X34721266,Wang S; Cai H; Cao Z; Li C; Wu T; Xu F; Qian Y; Chen X; Yu Y,2021,Frontiers in Neurology,10.3389/fneur.2021.735999,25,Not reported,Not reported,65.24,6.796,Not reported,Not reported,Not reported,Not reported,32.96,10.964,Not reported,Not reported,2.46,0.721,Not reported,Not reported,Not reported,Not reported,OFF state,25,63.88,8.212,Cross-sectional,Clinical Phenotype,Freezing of Gait,Private,The First Affiliated Hospital of Anhui Medical University,Resting-state,Not applicable,2000,30,185,6.166666667,3.4x3.4x3.4,3,24p,Yes,No,No,Yes,No,No,Not reported,Not reported,3,3,Not reported,First 10 volumes removed,Not reported,FWHM = 6,Band-pass,0.01,0.1,Not reported,Not reported,Not reported,AREAS,14,30,Thalamic nuclei: AV; IL; LGN; LP; MD-mc; MD-pc; MGN; PuA; Pulv-Inf; Pulv-Lat; Pulv-Med; VA; VL; VPL,AAL,Not reported ,60,2,Not applicable,Not applicable,Not applicable,Not applicable,Not reported,Upon request,Not reported ,Not applicable,The study reports on areas with different dFC (fluctuations) between groups but does not define integrated/segregated states.,The study reports on areas with different dFC (fluctuations) between groups but does not define integrated/segregated states.,Neutral/Descriptive Finding,Not Applicable,Not Applicable,Freezing of Gait (FOG) in PD is linked to disrupted dFC and larger temporal fluctuations between thalamic nuclei and associative cortices.,No causal inference; Small sample; FOG severity not assessed via questionnaire
X40069154,Lee B; Young CB; Cai W; Yuan R; Ryman S; Kim J; Yang L; Henderson VW; Poston KL; Menon V,2025,Nature Communications,10.1038/s41467-025-56660-w,27,Not reported,Not reported,70,6,23.78,11.58,Not reported,Not reported,36.37,12.47,Not reported,Not reported,Not reported,Not reported,Not reported,Not reported,Not reported,Not reported,OFF and ON state,37,71,5,Longitudinal,General PD Characteristics,General PD vs HC,Private,Stanford University School of Medicine,Task-based,Modified Sternberg working memory task,490,30,790,6.451666667,2.97x2.97x3,3,6p,No,No,No,Yes,No,No,Not reported,Not reported,3,Not reported,Not reported,Excluded if mean motion >1.5 SD above IQR; excluded if failed to complete all runs,Not reported,FWHM = 3,High-pass,0.008,Not reported,Not reported,Not reported,Not reported,AREAS,11,15,Anterior Insula (AI-L/R); Caudate (L/R); Dorsolateral Prefrontal Cortex (DLPFC-L/R); Dorsomedial Prefrontal Cortex (DMPFC-Bilateral); Posterior Parietal Cortex (PPC-L/R); Thalamus (L/R),Brainnetome,Bayesian switching dynamical system mode,Not applicable,Not applicable,Bayesian switching dynamical system mode,5,Bayesian switching dynamical system mode,Dwell time; Number of transitions,Not reported,https://doi.org/10.5281/zenodo.14567445,https://doi.org/10.5281/zenodo.14567445,Task-based states (BSDS model): State 1 (Encoding); State 4 (Maintenance/Retrieval); States 2 and 3 (Intermediary),This study uses a task-based paradigm and interprets states based on cognitive processes (e.g.; encoding; retrieval); not integration/segregation.,This study uses a task-based paradigm and interprets states based on cognitive processes (e.g.; encoding; retrieval); not integration/segregation.,Not Applicable,The study investigates transitions between task-related states.,Neutral/Descriptive Finding,Dopamine-induced changes in brain-state dynamics track individual performance gains; showing an inverted-U-shaped dose-response relationship.,Bayesian model with ARD priors; No biophysically realistic validation model; Inter-individual dopamine absorption variability; Optimal dopamine for working memory may differ
X25014419,Madhyastha TM; Askren MK; Boord P; Grabowski TJ,2015,Brain Connectivity,10.1089/brain.2014.0248,25,Not reported,Not reported,66.04,10.05,23.56,8.71,Not reported,Not reported,Not reported,Not reported,Not reported,Not reported,2.04,Not reported,Not reported,Not reported,1,2.5,ON state,21,61.9,10,Cross-sectional,General PD Characteristics,General PD vs HC,Private,University of Washington,Hybrid,Resting-state and Attention Network Test,2400,25,300,12,3x3x3,3,6p,Yes,No,No,No,Yes,No,Not reported,Not reported,Not reported,Not reported,Not reported,Not reported,Not reported,Restign data: FWHM = 3; task data: FWHM = 4,High-pass,Not reported,Not reported,Not reported,Not reported,Not reported,NETWORKS,3,20,Default Mode Network (DMN); Dorsal Attention Network (DAN); Fronto-parietal Network (FPN),Power,Sliding window,40.8,2.4,Factor analysis,4,Varimax,Not applicable,Not reported,Not reported ,Not reported ,Factor-based description: Identifies factors of covarying connections (not discrete states),Not a study about dFC states; it uses factor analysis to describe covarying connections.,Not a study about dFC states; it uses factor analysis to describe covarying connections.,Not Applicable,Change in factor scores between sessions correlated with accuracy improvements.,Not Applicable,Time-varying correlation patterns within intrinsic networks are stable and functionally relevant for predicting task performance.,Small sample; no correction for multiple comparisons; heterogeneity of PD; issues interpreting change scores;
X30175232,Cordes D; Zhuang X; Kaleem M; Sreenivasan K; Yang Z; Mishra V; Banks SJ; Bluett B; Cummings JL,2018,Alzheimer's and Dementia,10.1016/j.trci.2018.04.009,18,Not reported,Not reported,57.11,11.63,Not reported,Not reported,Not reported,Not reported,Not reported,Not reported,Not reported,Not reported,Not reported,Not reported,Not reported,Not reported,Not reported,Not reported,OFF state,18,64.25,9.78,Cross-sectional,General PD Characteristics,Early Stage PD (unmedicated),Public ,PPMI,Resting-state,Not applicable,2400,25,210,8.4,3.3x3.3x3.3,3,6p,No,No,No,No,No,No,Not reported,Not reported,Not reported,Not reported,Not reported,Not reported,Not reported,FWHM = 8,Not reported,Not reported,Not reported,Not reported,Not reported,Not reported,NETWORKS,8,72,Auditory Network (AUD); Central Executive Network (CEN); Cerebellum (CB); Default Mode Network (DMN); Medial Temporal Network (MTN); Sensorimotor Network (SMN); Subcortical (SC); Visual Network (VIS),ICA,Sliding window,Time-dependent window size,Not applicable,K-mean,3,Leave one out cross validation,Dwell time; Number of transitions,Not reported,https://www.ppmi-info.org/,Not reported ,State 2 (Integrated); States 1 and 3 (Segregated),HCs spend more time in integrated states compared to PD.,PD spend more time in segregated states compared to HCs.,Integration associated with better outcomes / Segregation with worse,HCs have a higher number of transitions between states.,More transitions associated with better outcomes,Altered temporal behavior and reduced whole-brain dynamic range are present even in early-stage PD.,Not reported
X.WOS.000430364100007,Zhuang; Xiaowei; Walsh; Ryan R.; Sreenivasan; Karthik; Yang; Zhengshi; Mishra; Virendra; Cordes; Dietmar,2018,NeuroImage,10.1016/j.neuroimage.2018.01.019,20,Not reported,Not reported,58.03,11.54,Not reported,Not reported,Not reported,Not reported,15.05,7.43,Not reported,Not reported,Not reported,Not reported,Not reported,Not reported,Not reported,Not reported,OFF state,18,64.25,9.5,Cross-sectional,General PD Characteristics,Early Stage PD (unmedicated),Public ,PPMI,Resting-state,Not applicable,2400,25,210,8.4,3.3x3.3x3.4,3,6p,Yes,No,No,No,No,No,Not reported,Not reported,Not reported,Not reported,Not reported,Not reported,Not reported,FWHM = 8,Band-pass,0.008,0.1,Not reported,Not reported,Not reported,NETWORKS,7,20,Central Executive Network (CEN); Default Mode Network (DMN); Fronto-parietal Network (FPN); Medial Temporal Network (MTN); Sensorimotor Network (SMN); Striatum (STR); Subthalamic Nucleus (STN),ICA,Dominant-co-activation pattern,Not applicable,Not applicable,K-mean,2,Dominant-co-activation pattern,Fraction time; Number of transitions,Not reported,https://www.ppmi-info.org/,Not reported ,Not applicable (d-CAPs method identifies co-activation patterns),Not Applicable,Not Applicable,Not Applicable,PD show lower switching probability (fewer transitions) compared to HCs. Higher switching is related to better motor scores.,More transitions associated with better outcomes,Resting-state fMRI can capture early-stage changes in network dynamics in PD.,Linear k-means used; Interdependence of d-CAP measures
X18722512,Palmer SJ; Eigenraam L; Hoque T; McCaig RG; Troiano A; McKeown MJ,2009,Neuroscience,10.1016/j.neuroscience.2008.06.053,8,Not reported,Not reported,64,8,Not reported,Not reported,Not reported,Not reported,28,9,Not reported,Not reported,Not reported,Not reported,Not reported,Not reported,1,3,OFF and ON state,10,58,11,Longitudinal,Intervention Response,Levodopa Medication,Private,University of British Columbia,Task-based,Right-hand squeeze bulb motor modulation task,2000,37,150,5,Not reported ,3,Not reported,No,No,No,No,No,No,Not reported,Not reported,Not reported,Not reported,Not reported,Two PD subjects excluded due to scanner/stimulus technical problems,Not reported,Not reported,Band-pass,0.025,0.2,Not reported,Not reported,Not reported,AREAS,18,9,Anterior Cingulate Cortex (ACC-Bilateral); Caudate-Bilateral; Cerebellum-Bilateral; Globus Pallidus-Bilateral; Prefrontal Cortex (PFC-Bilateral); Primary Motor Cortex (M1-Bilateral); Putamen-Bilateral; Supplementary Motor Area (SMA-Bilateral); Thalamus-Bilateral,Talairach and Tournoux,Structural Equation Modeling and Multivariate Auto Regressive,Not applicable,Not applicable,Structural Equation Modeling and Multivariate Auto Regressive,Not applicable,Not applicable,Not reported,Not reported,Not reported ,Not reported ,Not applicable (Method measures effective connectivity),Not applicable; the study focuses on effective connectivity using SEM and MAR; not dFC states.,Not applicable; the study focuses on effective connectivity using SEM and MAR; not dFC states.,Not Applicable,Not Applicable,Not Applicable,Levodopa helps normalize the disruption of effective communication between widespread brain areas that underlies difficulty with simultaneous movements.,No subject-level connectivity estimation due to insufficient statistical power.
Li2023.1,Li; Zhibao; Chen; Wei; Zeng; Xiaoyu; Ni; Jun; Guo; Yuzhu; Zhang; Hua; Li; Yang; Ma; Yina; Meng; Fangang,2023,The Innovative Medicine,10.59717/j.xinn-med.2023.100027,45,Not reported,Not reported,58.7,10.3,18.9,9.2,Not reported,Not reported,25.3,11.1,Not reported,Not reported,Not reported,Not reported,Not reported,Not reported,Not reported,Not reported,ON state,Not reported ,Not reported,Not reported,Longitudinal,Disease Progression,1-4 years follow-up,Public ,PPMI,Resting-state,Not applicable,2400,25,210,8.4,Not reported ,3,24p,Yes,No,No,Yes,No,No,0.2,Not reported,Not reported,Not reported,27 patients excluded due to excessive head motion,Not reported,Not reported,FWHM = 6,Band-pass,0.01,0.1,Not reported,Not reported,Not reported,NETWORKS,8,216,Default Mode Network (DMN); Dorsal Attention Network (DAN); Fronto-parietal Network (FPN); Limbic Network (LIM); Sensorimotor Network (SMN); Subcortical (SC); Ventral Attention Network (VAN); Visual Network (VIS),Schaefer200 cortical; Tian subcortical,Sliding window,44,2.4,K-mean,2,Calinski-Harabasz index; Davies-Bouldin index; Silhouette,Dwell time; Fraction time; Number of transitions,Not reported,https://www.ppmi-info.org/,Not reported ,State 2 (Integrated; less frequent); State 1 (Segregated; more frequent),Not Applicable,Shorter dwell time in the segregated state is related to PD advancement and worse motor performance.,Integration associated with worse outcomes / Segregation with better,Not Applicable,Not Applicable,The mean dwell time (MDT) in the sparse-FC (segregated) state decreases with disease progression and tracks motor and cognitive decline; supporting dFC as a progression biomarker.,No healthy controls; ON state only; Small sample; PD heterogeneity not considered
